Purchase_Order_ID,Supplier_Category,Supplier_Region,Contract_Type,Shipping_Mode,Payment_Terms,Seasonal_Period,Order_Value_CAD,Number_of_Line_Items,Promised_Lead_Time_Days,Past_On_Time_Rate,Supplier_Rating,Urgent_Order,Backorder_History,Quality_Incidents_Last_6M,Prior_Delays_Last_6M,Distance_KM,Inventory_Buffer_Days,Seasonal_Demand_Index,Supplier_Delay_Risk,Cluster,Segment_Name,PCA1,PCA2
PO-20260001,Breakroom Supplies,British Columbia,New Supplier,Local Courier,Prepaid,Regular,4214.0,12,6,0.62,3.8,No,Rare,1,1,2455,2,1.15,Yes,0,High Delay Risk / Lower Supplier Reliability,-0.573014189813052,0.822935408244527
PO-20260002,IT Accessories,Alberta,Approved Vendor,Expedited Ground,Net 30,Fiscal Year End,6895.44,12,13,0.64,4.2,No,Unknown,0,3,1715,24,1.43,Yes,2,More Reliable but Long Distance Orders,-0.3522535601705505,1.8419316805076422
PO-20260003,Packaging Materials,Ontario,Preferred Vendor,Air Freight,Net 30,Holiday Rush,3890.34,7,3,0.77,4.2,No,Rare,0,1,284,5,1.63,Yes,1,Moderate Risk / Low Inventory Buffer,0.13120490041949598,-0.6390567192413807
PO-20260004,Printing Supplies,US Midwest,New Supplier,Standard Ground,Prepaid,Holiday Rush,10486.43,2,16,0.67,2.4,No,Unknown,0,2,971,32,1.83,Yes,0,High Delay Risk / Lower Supplier Reliability,-1.83849092358067,0.7218854268319984
PO-20260005,Breakroom Supplies,Quebec,Preferred Vendor,Standard Ground,Net 30,Regular,4255.7,2,7,0.99,4.9,No,Unknown,0,2,630,12,1.47,No,2,More Reliable but Long Distance Orders,2.3152496240107316,-1.0472193726212997
PO-20260006,Breakroom Supplies,British Columbia,Spot Purchase,Local Courier,Net 30,Regular,6126.0,10,13,0.73,4.5,Yes,Rare,0,0,1825,11,1.14,Yes,2,More Reliable but Long Distance Orders,0.6096747185366989,1.1756566998896616
PO-20260007,IT Accessories,US Northeast,Approved Vendor,Standard Ground,Net 45,Regular,3632.5,12,7,0.78,2.8,No,Occasional,1,0,474,12,0.84,No,0,High Delay Risk / Lower Supplier Reliability,-1.1731214030854178,0.7953469321029818
PO-20260008,Cleaning Supplies,US Northeast,Approved Vendor,Air Freight,Net 30,Back-to-School,5477.33,3,3,0.65,3.2,No,Occasional,0,1,957,4,1.73,Yes,0,High Delay Risk / Lower Supplier Reliability,-1.0626531946863016,-0.7472776897485988
PO-20260009,Cleaning Supplies,Quebec,Approved Vendor,Expedited Ground,Net 30,Regular,2622.28,2,8,0.76,3.2,No,Occasional,0,1,722,13,1.24,No,0,High Delay Risk / Lower Supplier Reliability,-0.3724483383423568,-0.691404054625302
PO-20260010,Cleaning Supplies,US Northeast,Approved Vendor,Expedited Ground,Prepaid,Regular,7338.92,8,11,0.77,3.4,No,Rare,2,1,884,27,1.15,No,0,High Delay Risk / Lower Supplier Reliability,-0.8738021977872856,0.7280540192828836
PO-20260011,Office Furniture,British Columbia,Preferred Vendor,Expedited Ground,Net 45,Regular,10331.42,5,14,0.99,3.9,No,Unknown,0,2,1944,27,0.76,No,2,More Reliable but Long Distance Orders,1.892892661230489,1.9511768281725825
PO-20260012,IT Accessories,Quebec,Approved Vendor,Standard Ground,Net 15,Regular,1393.97,4,8,0.73,4.0,No,Rare,0,0,457,13,1.49,No,0,High Delay Risk / Lower Supplier Reliability,-0.13745149048079225,-0.9115260046290212
PO-20260013,Breakroom Supplies,Quebec,Preferred Vendor,Standard Ground,Net 30,Fiscal Year End,10775.02,8,17,0.83,4.7,No,Occasional,2,1,693,16,1.23,No,1,Moderate Risk / Low Inventory Buffer,0.46682648724089704,0.3463935772208077
PO-20260014,Office Furniture,Quebec,Approved Vendor,Air Freight,Net 30,Fiscal Year End,8524.48,9,10,0.7,2.6,Yes,Frequent,0,1,637,17,1.56,Yes,0,High Delay Risk / Lower Supplier Reliability,-1.6807436658663581,1.033914034226598
PO-20260015,Printing Supplies,US Northeast,Spot Purchase,Expedited Ground,Net 45,Regular,3570.25,8,9,0.64,4.3,No,Unknown,0,1,666,32,0.9,Yes,0,High Delay Risk / Lower Supplier Reliability,-0.38577125813777213,1.474326398658089
PO-20260016,Breakroom Supplies,Ontario,Approved Vendor,Standard Ground,Prepaid,Back-to-School,1859.81,7,15,0.86,2.8,Yes,Unknown,4,2,221,14,1.7,Yes,1,Moderate Risk / Low Inventory Buffer,-1.5842971013256273,-2.488022076720678
PO-20260017,Office Furniture,Quebec,Approved Vendor,Expedited Ground,Net 30,Regular,9651.56,7,19,0.65,3.6,No,Unknown,3,2,502,2,1.15,Yes,1,Moderate Risk / Low Inventory Buffer,-1.6517944216192135,-0.8189252245254258
PO-20260018,IT Accessories,Ontario,Preferred Vendor,Local Courier,Net 45,Regular,4320.62,12,3,0.99,4.4,No,Occasional,3,3,379,7,1.43,No,1,Moderate Risk / Low Inventory Buffer,0.8304036443617505,-0.994026672084401
PO-20260019,Office Furniture,US Midwest,Preferred Vendor,Air Freight,Net 30,Holiday Rush,6961.61,9,14,0.77,3.8,No,Occasional,1,5,1718,26,1.45,Yes,2,More Reliable but Long Distance Orders,-0.026723211714993134,0.9414101373951342
PO-20260020,IT Accessories,US Midwest,Approved Vendor,Standard Ground,Net 15,Holiday Rush,6542.35,10,6,0.84,3.5,No,Rare,0,2,1020,18,1.44,No,2,More Reliable but Long Distance Orders,0.09029508104183598,1.0610377315617112
PO-20260021,Packaging Materials,US Midwest,Approved Vendor,Standard Ground,Net 30,Regular,6225.16,8,15,0.65,3.4,No,Rare,0,0,2355,25,0.95,Yes,0,High Delay Risk / Lower Supplier Reliability,-0.5441546142321744,1.9733004766128108
PO-20260022,Breakroom Supplies,Alberta,Approved Vendor,Standard Ground,Net 45,Back-to-School,2937.46,5,19,0.93,4.3,No,Unknown,0,0,914,23,1.52,No,2,More Reliable but Long Distance Orders,1.26872989060768,-0.40206624210251873
PO-20260023,Cleaning Supplies,Ontario,Spot Purchase,Standard Ground,Net 30,Fiscal Year End,2553.0,1,7,0.72,2.5,Yes,Rare,2,5,280,16,1.66,Yes,0,High Delay Risk / Lower Supplier Reliability,-1.8135882133454246,-2.0686430643208125
PO-20260024,Cleaning Supplies,Quebec,Spot Purchase,Air Freight,Net 30,Regular,4030.38,4,3,0.9,3.4,No,Unknown,0,1,394,11,0.79,No,2,More Reliable but Long Distance Orders,0.5899801215535256,0.025040035969354228
PO-20260025,Cleaning Supplies,British Columbia,Spot Purchase,Standard Ground,Net 30,Back-to-School,10068.72,11,19,0.87,3.8,No,Unknown,0,1,369,28,1.68,No,2,More Reliable but Long Distance Orders,-0.009510853251436486,1.4282666117228788
PO-20260026,Printing Supplies,US Northeast,Approved Vendor,Standard Ground,Net 30,Regular,6568.5,3,19,0.95,4.3,No,Frequent,1,5,722,4,1.27,Yes,1,Moderate Risk / Low Inventory Buffer,1.4387473090819065,-1.3658003173471147
PO-20260027,IT Accessories,Quebec,Approved Vendor,Standard Ground,Net 45,Regular,8027.02,3,5,0.88,3.2,Yes,Rare,0,1,763,19,1.26,No,2,More Reliable but Long Distance Orders,0.24353280241841369,0.461348611685924
PO-20260028,Breakroom Supplies,British Columbia,Approved Vendor,Standard Ground,Net 30,Regular,8180.45,7,11,0.9,2.7,Yes,Frequent,0,2,733,3,1.53,Yes,1,Moderate Risk / Low Inventory Buffer,-0.22152706998031718,-0.0832010091504244
PO-20260029,Office Furniture,Quebec,Preferred Vendor,Local Courier,Net 30,Regular,7601.91,8,14,0.89,4.7,No,Rare,0,3,838,8,0.96,No,2,More Reliable but Long Distance Orders,1.5662555072084936,0.5948999796697161
PO-20260030,Breakroom Supplies,Ontario,Preferred Vendor,Air Freight,Net 30,Regular,2331.75,10,4,0.73,4.2,No,Occasional,2,3,356,8,1.06,Yes,1,Moderate Risk / Low Inventory Buffer,-0.43202272969670075,-0.5606841916058357
PO-20260031,Office Furniture,US Northeast,Preferred Vendor,Standard Ground,Net 30,Holiday Rush,17733.02,8,17,0.98,4.1,No,Rare,0,4,944,14,1.73,No,2,More Reliable but Long Distance Orders,1.2870381984661574,1.4810335296969117
PO-20260032,IT Accessories,Quebec,Spot Purchase,Expedited Ground,Net 30,Regular,7081.47,5,15,0.76,4.3,No,Unknown,1,4,757,30,0.97,Yes,2,More Reliable but Long Distance Orders,0.22544588354554643,0.7274610770298653
PO-20260033,Cleaning Supplies,Ontario,Approved Vendor,Air Freight,Net 45,Regular,4101.09,12,1,0.69,2.3,No,Unknown,0,0,322,19,1.25,No,0,High Delay Risk / Lower Supplier Reliability,-2.0643060961075026,1.3526930641267012
PO-20260034,Printing Supplies,Ontario,Preferred Vendor,Standard Ground,Net 30,Regular,5156.73,2,13,0.75,4.3,No,Rare,0,1,268,32,1.1,No,2,More Reliable but Long Distance Orders,0.22682412633511498,0.3592232104592237
PO-20260035,Packaging Materials,US Midwest,Preferred Vendor,Expedited Ground,Net 30,Fiscal Year End,2084.05,5,8,0.93,3.1,Yes,Unknown,0,4,1729,3,1.27,Yes,2,More Reliable but Long Distance Orders,0.9182924109274302,-0.7199322722716013
PO-20260036,IT Accessories,Alberta,Approved Vendor,Standard Ground,Net 30,Regular,2960.39,12,17,0.74,3.7,No,Unknown,1,4,2000,29,1.18,Yes,2,More Reliable but Long Distance Orders,-0.23733214247429701,1.264930724257417
PO-20260037,Cleaning Supplies,US Northeast,Preferred Vendor,Local Courier,Prepaid,Holiday Rush,5999.06,6,5,0.87,4.5,No,Unknown,1,0,1040,8,1.34,No,2,More Reliable but Long Distance Orders,1.050401967568031,-0.3293135606026627
PO-20260038,Packaging Materials,Quebec,Spot Purchase,Standard Ground,Net 15,Fiscal Year End,3223.37,8,7,0.62,4.1,No,Unknown,1,1,353,19,1.7,Yes,0,High Delay Risk / Lower Supplier Reliability,-1.185131707077759,-0.36957096640674203
PO-20260039,Printing Supplies,US Midwest,Spot Purchase,Air Freight,Net 15,Regular,3022.55,8,3,0.88,2.6,No,Frequent,0,3,172,24,1.17,Yes,0,High Delay Risk / Lower Supplier Reliability,-0.5371102125438615,0.5883463569340286
PO-20260040,Breakroom Supplies,Quebec,Approved Vendor,Standard Ground,Net 45,Regular,2418.0,2,20,0.76,2.9,Yes,Rare,3,0,582,25,1.29,Yes,0,High Delay Risk / Lower Supplier Reliability,-1.5600143548993834,-1.682748167872613
PO-20260041,Breakroom Supplies,US Midwest,Approved Vendor,Expedited Ground,Prepaid,Regular,7676.15,10,8,0.8,2.9,No,Unknown,0,3,637,17,1.46,Yes,0,High Delay Risk / Lower Supplier Reliability,-0.7758668662583471,1.039281374750069
PO-20260042,Office Furniture,Alberta,Approved Vendor,Standard Ground,Net 30,Regular,4766.68,3,18,0.67,3.2,No,Rare,0,1,604,11,1.48,Yes,0,High Delay Risk / Lower Supplier Reliability,-1.113650956731905,-0.7389565361662764
PO-20260043,Printing Supplies,US Midwest,Spot Purchase,Standard Ground,Net 30,Fiscal Year End,12790.79,16,14,0.64,3.6,No,Occasional,0,1,23,13,1.15,Yes,0,High Delay Risk / Lower Supplier Reliability,-1.5681059009863891,2.582309218290474
PO-20260044,IT Accessories,US Northeast,Preferred Vendor,Standard Ground,Net 30,Holiday Rush,874.02,1,7,0.99,5.0,Yes,Rare,0,1,1006,11,1.48,No,2,More Reliable but Long Distance Orders,2.568882934446803,-1.5954859186412895
PO-20260045,Breakroom Supplies,Ontario,New Supplier,Standard Ground,Net 45,Regular,4801.92,9,18,0.71,4.5,No,Rare,0,2,95,3,0.85,Yes,1,Moderate Risk / Low Inventory Buffer,0.07952962721385595,0.08214315161293911
PO-20260046,IT Accessories,US Northeast,Preferred Vendor,Expedited Ground,Net 30,Regular,4003.0,9,2,0.71,2.5,Yes,Frequent,0,0,1151,28,1.12,Yes,0,High Delay Risk / Lower Supplier Reliability,-1.388875981459957,1.6564290063408216
PO-20260047,Printing Supplies,British Columbia,Approved Vendor,Expedited Ground,Net 30,Regular,7093.08,7,7,0.9,4.7,Yes,Occasional,0,4,1098,23,1.54,Yes,2,More Reliable but Long Distance Orders,1.5707327823142843,0.6739335757233148
PO-20260048,Printing Supplies,US Midwest,Approved Vendor,Expedited Ground,Net 15,Regular,6868.34,2,12,0.9,2.7,No,Occasional,0,1,2373,15,1.14,No,2,More Reliable but Long Distance Orders,0.5760568005962101,0.46161453439602623
PO-20260049,Printing Supplies,British Columbia,Preferred Vendor,Expedited Ground,Net 30,Fiscal Year End,3188.04,6,4,0.7,3.3,No,Rare,3,1,58,6,1.62,Yes,1,Moderate Risk / Low Inventory Buffer,-1.7903778482385033,-2.003338126154473
PO-20260050,Printing Supplies,Ontario,Preferred Vendor,Local Courier,Net 30,Holiday Rush,4199.14,10,9,0.83,4.6,No,Rare,3,1,90,18,1.7,Yes,1,Moderate Risk / Low Inventory Buffer,-0.1966917196477904,-1.113039255083513
PO-20260051,Office Furniture,British Columbia,Spot Purchase,Air Freight,Net 30,Regular,1927.59,5,11,0.81,3.4,No,Frequent,2,0,739,25,1.29,Yes,0,High Delay Risk / Lower Supplier Reliability,-0.6055397501497006,-0.7621949082026638
PO-20260052,IT Accessories,Alberta,Preferred Vendor,Standard Ground,Net 15,Fiscal Year End,4056.47,12,5,0.73,2.3,Yes,Rare,2,1,2441,21,1.64,Yes,0,High Delay Risk / Lower Supplier Reliability,-1.6745862792759487,0.77933589998835
PO-20260053,Printing Supplies,Quebec,Spot Purchase,Standard Ground,Net 15,Regular,5280.36,2,15,0.87,4.6,No,Frequent,0,0,779,17,1.18,No,2,More Reliable but Long Distance Orders,1.3699621214847681,-0.34263682679834473
PO-20260054,Packaging Materials,US Midwest,Approved Vendor,Expedited Ground,Net 30,Regular,4051.31,12,14,0.92,4.1,Yes,Occasional,0,2,647,10,1.36,No,2,More Reliable but Long Distance Orders,0.8933733591598181,0.31438833009305234
PO-20260055,IT Accessories,US Midwest,Spot Purchase,Expedited Ground,Net 15,Fiscal Year End,4994.01,2,15,0.92,4.6,No,Rare,0,1,1696,24,1.18,No,2,More Reliable but Long Distance Orders,1.9834774775907509,0.1489412545655785
PO-20260056,IT Accessories,US Midwest,Spot Purchase,Standard Ground,Net 30,Regular,1950.45,8,13,0.98,4.7,No,Rare,2,0,2179,22,1.45,No,2,More Reliable but Long Distance Orders,1.8364439450990573,-0.430830007598431
PO-20260057,Office Furniture,US Northeast,Approved Vendor,Air Freight,Net 30,Fiscal Year End,3047.5,4,11,0.69,3.4,No,Unknown,2,0,578,13,1.5,Yes,0,High Delay Risk / Lower Supplier Reliability,-1.338534307116418,-1.4339442615809332
PO-20260058,Breakroom Supplies,Alberta,Preferred Vendor,Standard Ground,Net 15,Regular,11131.88,6,17,0.99,5.0,No,Unknown,0,1,1431,3,0.84,No,2,More Reliable but Long Distance Orders,2.642437966719775,0.7972593913326458
PO-20260059,Office Furniture,US Midwest,Spot Purchase,Local Courier,Net 45,Regular,9569.81,2,13,0.91,4.8,No,Rare,1,4,989,5,1.01,Yes,2,More Reliable but Long Distance Orders,1.814493341781542,-0.5267011670028651
PO-20260060,Cleaning Supplies,US Midwest,Preferred Vendor,Standard Ground,Net 15,Regular,7200.94,3,21,0.91,3.4,Yes,Occasional,1,4,697,28,1.16,Yes,2,More Reliable but Long Distance Orders,0.3080242270526139,-0.03349443955366874
PO-20260061,Printing Supplies,Quebec,Spot Purchase,Expedited Ground,Net 45,Holiday Rush,7219.28,2,3,0.95,4.4,No,Occasional,0,5,589,3,1.72,Yes,2,More Reliable but Long Distance Orders,1.702988149271449,-1.2098859434618918
PO-20260062,Cleaning Supplies,Alberta,New Supplier,Standard Ground,Net 30,Regular,6550.93,8,10,0.65,2.4,No,Unknown,1,0,455,17,1.28,Yes,0,High Delay Risk / Lower Supplier Reliability,-2.3327894715931508,0.5060162147548729
PO-20260063,Cleaning Supplies,US Northeast,Approved Vendor,Standard Ground,Net 45,Regular,7153.44,10,8,0.7,4.2,No,Unknown,0,0,872,4,0.79,No,0,High Delay Risk / Lower Supplier Reliability,0.008406424023335725,1.2054102008289576
PO-20260064,Packaging Materials,Ontario,Approved Vendor,Standard Ground,Net 30,Regular,3753.26,10,10,0.93,5.0,No,Unknown,1,0,46,10,1.43,No,1,Moderate Risk / Low Inventory Buffer,1.2728383683398035,-0.588516958116227
PO-20260065,Cleaning Supplies,Ontario,Preferred Vendor,Local Courier,Prepaid,Holiday Rush,3998.38,6,11,0.96,3.7,Yes,Occasional,0,4,98,4,1.78,Yes,1,Moderate Risk / Low Inventory Buffer,0.7830675011532945,-1.3946625423374819
PO-20260066,Office Furniture,Ontario,Approved Vendor,Local Courier,Net 30,Fiscal Year End,7473.37,11,16,0.76,4.3,No,Unknown,0,1,243,18,1.63,No,1,Moderate Risk / Low Inventory Buffer,-0.17061924502919443,0.7404244701030617
PO-20260067,Office Furniture,US Midwest,Spot Purchase,Standard Ground,Net 30,Regular,3524.28,7,21,0.82,4.5,No,Rare,0,2,1837,5,0.87,Yes,2,More Reliable but Long Distance Orders,1.3885179356311335,0.07724982755222648
PO-20260068,IT Accessories,US Midwest,Preferred Vendor,Air Freight,Net 45,Fiscal Year End,3463.0,10,1,0.92,4.4,No,Occasional,0,0,137,19,1.18,No,2,More Reliable but Long Distance Orders,1.0675630649213212,0.6772230837035641
PO-20260069,Cleaning Supplies,Ontario,Approved Vendor,Air Freight,Net 45,Back-to-School,2629.99,8,2,0.83,2.8,No,Unknown,0,0,78,17,1.94,Yes,0,High Delay Risk / Lower Supplier Reliability,-0.9728126780942252,-0.43769840206082905
PO-20260070,Printing Supplies,US Northeast,Spot Purchase,Standard Ground,Net 45,Regular,5215.77,12,17,0.81,3.9,Yes,Frequent,1,2,515,29,0.85,Yes,0,High Delay Risk / Lower Supplier Reliability,-0.1652716943469434,1.4337980392661507
PO-20260071,IT Accessories,Quebec,Preferred Vendor,Standard Ground,Net 30,Regular,6511.11,6,8,0.79,2.9,Yes,Occasional,0,1,391,28,1.44,Yes,0,High Delay Risk / Lower Supplier Reliability,-0.8783087819579545,0.7996678677266178
PO-20260072,IT Accessories,Ontario,Preferred Vendor,Local Courier,Net 30,Back-to-School,8912.89,6,10,0.69,4.0,No,Unknown,1,1,57,21,1.32,No,0,High Delay Risk / Lower Supplier Reliability,-0.8518387644550105,0.4297339768414349
PO-20260073,Printing Supplies,Ontario,Preferred Vendor,Standard Ground,Net 30,Back-to-School,1865.22,6,14,0.72,3.6,No,Unknown,3,1,129,13,1.63,Yes,1,Moderate Risk / Low Inventory Buffer,-1.4843311463824356,-2.117268509557321
PO-20260074,Office Furniture,Quebec,New Supplier,Standard Ground,Net 30,Holiday Rush,11910.89,10,17,0.57,2.5,No,Rare,3,3,588,2,1.76,Yes,1,Moderate Risk / Low Inventory Buffer,-3.281649827069797,-0.4949893414204964
PO-20260075,Office Furniture,Alberta,New Supplier,Standard Ground,Net 15,Holiday Rush,2099.43,2,19,0.82,3.0,Yes,Unknown,2,2,359,3,1.48,Yes,1,Moderate Risk / Low Inventory Buffer,-0.8501613222797548,-2.658376994881577
PO-20260076,Printing Supplies,Ontario,Preferred Vendor,Local Courier,Prepaid,Regular,5494.21,3,11,0.8,3.0,No,Rare,0,1,146,27,1.39,No,0,High Delay Risk / Lower Supplier Reliability,-0.7066397216046739,0.07769424692803083
PO-20260077,Breakroom Supplies,US Northeast,New Supplier,Standard Ground,Net 30,Regular,6936.18,5,14,0.79,4.9,No,Rare,1,2,497,6,1.2,Yes,1,Moderate Risk / Low Inventory Buffer,0.811990887653987,-0.6578450263673365
PO-20260078,Cleaning Supplies,Ontario,Approved Vendor,Local Courier,Net 30,Regular,4287.1,7,7,0.9,4.1,No,Rare,2,4,362,14,0.96,No,1,Moderate Risk / Low Inventory Buffer,0.5776090369245305,-0.5574946104868028
PO-20260079,Printing Supplies,Quebec,Preferred Vendor,Standard Ground,Net 15,Fiscal Year End,3768.96,3,14,0.81,4.2,No,Rare,2,0,604,1,1.38,No,1,Moderate Risk / Low Inventory Buffer,0.15073129187906856,-2.088513269281994
PO-20260080,Packaging Materials,British Columbia,Preferred Vendor,Standard Ground,Net 15,Holiday Rush,9917.76,1,4,0.92,3.9,No,Frequent,2,0,253,7,1.95,Yes,1,Moderate Risk / Low Inventory Buffer,0.28851233164814544,-1.7418568283162246
PO-20260081,Office Furniture,Quebec,Approved Vendor,Expedited Ground,Net 30,Back-to-School,3283.0,5,17,0.93,3.9,No,Rare,1,1,822,7,1.52,No,1,Moderate Risk / Low Inventory Buffer,0.7825276572253222,-1.4536039439898758
PO-20260082,Breakroom Supplies,Alberta,Approved Vendor,Standard Ground,Net 30,Fiscal Year End,7108.86,1,13,0.96,4.3,No,Unknown,0,0,1514,19,1.44,No,2,More Reliable but Long Distance Orders,1.8467775969107298,-0.16796449779885295
PO-20260083,Packaging Materials,US Midwest,Approved Vendor,Expedited Ground,Prepaid,Back-to-School,4924.96,1,6,0.79,3.8,No,Rare,0,3,2043,13,1.37,No,2,More Reliable but Long Distance Orders,0.8231864093789217,-0.2792476810733066
PO-20260084,Cleaning Supplies,Ontario,New Supplier,Local Courier,Net 15,Back-to-School,3018.71,8,2,0.65,4.1,No,Rare,0,0,280,28,1.34,Yes,0,High Delay Risk / Lower Supplier Reliability,-0.7316330228066681,0.8393416540477382
PO-20260085,Office Furniture,Quebec,Approved Vendor,Expedited Ground,Net 45,Regular,7303.3,4,10,0.76,3.0,No,Rare,0,0,701,23,1.06,No,0,High Delay Risk / Lower Supplier Reliability,-0.6912363177036919,0.8844845434202069
PO-20260086,Printing Supplies,US Northeast,Spot Purchase,Standard Ground,Net 30,Regular,3034.39,3,18,0.87,4.1,No,Rare,2,0,754,11,1.3,No,1,Moderate Risk / Low Inventory Buffer,0.4254746833841844,-1.7521949114670659
PO-20260087,Breakroom Supplies,US Northeast,Approved Vendor,Standard Ground,Net 30,Back-to-School,7485.45,2,11,0.63,2.3,No,Rare,0,2,824,15,1.4,Yes,0,High Delay Risk / Lower Supplier Reliability,-1.9348553515345959,0.048861252926431634
PO-20260088,IT Accessories,Ontario,Preferred Vendor,Expedited Ground,Net 45,Holiday Rush,2379.69,8,15,0.84,3.9,Yes,Rare,0,1,240,8,1.36,No,1,Moderate Risk / Low Inventory Buffer,0.24510315941834443,-0.6279416007995283
PO-20260089,Office Furniture,Alberta,Approved Vendor,Standard Ground,Net 30,Regular,5427.46,9,20,0.83,3.8,No,Rare,0,3,1778,11,0.87,No,2,More Reliable but Long Distance Orders,0.7564541467300822,0.9120600800619028
PO-20260090,Office Furniture,Quebec,Spot Purchase,Standard Ground,Net 30,Holiday Rush,7612.36,5,16,0.7,3.9,No,Unknown,0,1,398,1,1.83,Yes,1,Moderate Risk / Low Inventory Buffer,-0.563824017234158,-0.9207290963681497
PO-20260091,Cleaning Supplies,Alberta,Spot Purchase,Expedited Ground,Net 15,Regular,6285.6,1,4,0.84,4.5,No,Rare,1,3,1829,13,1.43,Yes,2,More Reliable but Long Distance Orders,1.370448015998836,-0.6442212031031238
PO-20260092,Printing Supplies,Quebec,New Supplier,Standard Ground,Net 45,Back-to-School,6830.63,7,20,0.77,3.7,No,Rare,0,1,723,5,1.67,Yes,1,Moderate Risk / Low Inventory Buffer,-0.2673300503787324,-0.4453285890376252
PO-20260093,Breakroom Supplies,US Northeast,Preferred Vendor,Standard Ground,Net 30,Holiday Rush,5438.99,8,9,0.99,4.2,No,Unknown,1,0,481,21,2.01,No,1,Moderate Risk / Low Inventory Buffer,0.9342353074732088,-0.5515507893145053
PO-20260094,Packaging Materials,US Midwest,Approved Vendor,Air Freight,Net 45,Regular,3318.42,12,4,0.86,2.9,No,Frequent,1,0,54,4,0.8,Yes,0,High Delay Risk / Lower Supplier Reliability,-0.700152477523417,0.29133633121311014
PO-20260095,IT Accessories,Ontario,Approved Vendor,Expedited Ground,Prepaid,Regular,4637.01,1,10,0.98,5.0,No,Rare,0,1,74,29,1.07,No,2,More Reliable but Long Distance Orders,2.1653122926567208,-0.19015272738034755
PO-20260096,Cleaning Supplies,Ontario,Spot Purchase,Standard Ground,Net 30,Back-to-School,3188.94,2,9,0.84,3.5,Yes,Rare,2,0,351,4,1.75,Yes,1,Moderate Risk / Low Inventory Buffer,-0.4124282815701735,-2.5028030553348786
PO-20260097,Printing Supplies,British Columbia,Approved Vendor,Standard Ground,Net 15,Regular,3893.47,9,5,0.81,4.3,No,Rare,0,1,1229,10,1.3,No,2,More Reliable but Long Distance Orders,0.7791558109959683,0.40821152396213656
PO-20260098,Cleaning Supplies,Quebec,Approved Vendor,Air Freight,Net 45,Regular,7696.68,1,6,0.83,4.2,No,Unknown,3,1,565,26,1.17,No,2,More Reliable but Long Distance Orders,0.06885871532709191,-0.7597826290101265
PO-20260099,Breakroom Supplies,US Midwest,New Supplier,Standard Ground,Net 30,Back-to-School,3830.09,2,13,0.73,4.1,No,Frequent,2,3,2098,11,1.71,Yes,1,Moderate Risk / Low Inventory Buffer,0.10809805525343012,-1.6151933665733345
PO-20260100,Office Furniture,British Columbia,Spot Purchase,Expedited Ground,Net 30,Regular,10194.02,3,7,0.68,4.2,No,Rare,0,3,1042,8,1.38,Yes,2,More Reliable but Long Distance Orders,0.06532833562235733,0.26848979770974946
PO-20260101,Office Furniture,Ontario,Approved Vendor,Standard Ground,Net 30,Back-to-School,6350.86,7,12,0.67,4.4,Yes,Unknown,0,0,26,25,1.58,Yes,0,High Delay Risk / Lower Supplier Reliability,-0.5629305504615101,0.48626871178177083
PO-20260102,Printing Supplies,Ontario,New Supplier,Standard Ground,Net 30,Regular,6523.99,10,5,0.82,4.2,Yes,Rare,0,5,253,23,0.92,Yes,2,More Reliable but Long Distance Orders,0.5141860813567727,1.4697921600183916
PO-20260103,Printing Supplies,Alberta,Spot Purchase,Air Freight,Net 30,Back-to-School,5947.02,11,6,0.82,4.0,Yes,Unknown,1,3,1295,22,1.61,Yes,2,More Reliable but Long Distance Orders,0.17931434362029108,0.7773502155312515
PO-20260104,Packaging Materials,Ontario,Approved Vendor,Local Courier,Net 30,Regular,7565.55,8,12,0.79,4.7,No,Occasional,0,0,195,11,1.32,No,2,More Reliable but Long Distance Orders,0.5544280913577851,0.37187584608950325
PO-20260105,Office Furniture,Ontario,Approved Vendor,Standard Ground,Net 30,Fiscal Year End,3601.39,4,17,0.9,2.7,No,Occasional,1,2,150,5,1.18,Yes,1,Moderate Risk / Low Inventory Buffer,-0.46201424038056227,-1.4479198637532666
PO-20260106,Printing Supplies,British Columbia,Approved Vendor,Standard Ground,Net 30,Back-to-School,2735.46,9,18,0.7,4.5,No,Unknown,0,3,543,11,1.76,Yes,1,Moderate Risk / Low Inventory Buffer,-0.09589449056908032,-0.6346156976029201
PO-20260107,Cleaning Supplies,Ontario,New Supplier,Standard Ground,Prepaid,Back-to-School,8234.83,9,11,0.78,4.0,No,Unknown,4,1,371,16,1.85,Yes,1,Moderate Risk / Low Inventory Buffer,-1.1722496199619474,-1.1797362697893345
PO-20260108,Breakroom Supplies,Quebec,Approved Vendor,Local Courier,Net 45,Back-to-School,2792.31,2,12,0.87,2.7,No,Frequent,3,2,451,21,1.62,Yes,1,Moderate Risk / Low Inventory Buffer,-1.1144666165451198,-2.1360148322465062
PO-20260109,Packaging Materials,Quebec,Preferred Vendor,Air Freight,Net 30,Back-to-School,1557.7,12,3,0.96,3.9,No,Occasional,1,4,734,15,1.58,Yes,2,More Reliable but Long Distance Orders,0.8005040266793406,-0.25301239659359054
PO-20260110,Cleaning Supplies,British Columbia,Approved Vendor,Air Freight,Net 15,Regular,8137.42,1,6,0.63,2.8,No,Unknown,0,2,97,5,1.33,Yes,0,High Delay Risk / Lower Supplier Reliability,-1.6425181090264587,-0.5261840525644289
PO-20260111,Breakroom Supplies,US Midwest,Preferred Vendor,Standard Ground,Prepaid,Fiscal Year End,6128.52,7,5,0.84,4.0,No,Occasional,0,0,2028,24,1.58,No,2,More Reliable but Long Distance Orders,0.8539367912713259,1.0707781594274086
PO-20260112,Packaging Materials,Alberta,Preferred Vendor,Expedited Ground,Net 45,Regular,3694.6,6,4,0.8,3.3,Yes,Occasional,0,0,895,21,1.51,Yes,0,High Delay Risk / Lower Supplier Reliability,-0.27323773965186354,0.24793479921952802
PO-20260113,Printing Supplies,Ontario,New Supplier,Standard Ground,Net 30,Regular,3887.56,9,13,0.82,3.2,No,Occasional,2,0,316,13,1.3,Yes,1,Moderate Risk / Low Inventory Buffer,-0.9767566038917244,-0.6303568382264799
PO-20260114,Cleaning Supplies,British Columbia,Preferred Vendor,Air Freight,Net 30,Back-to-School,12013.83,8,5,0.86,2.6,Yes,Unknown,4,2,917,1,1.77,Yes,1,Moderate Risk / Low Inventory Buffer,-1.5152775233751068,-1.0752335048079584
PO-20260115,Printing Supplies,US Midwest,Spot Purchase,Air Freight,Net 30,Back-to-School,5523.25,2,1,0.62,4.8,Yes,Occasional,0,3,188,17,1.62,Yes,0,High Delay Risk / Lower Supplier Reliability,-0.0979800115940455,-0.512852540991554
PO-20260116,Printing Supplies,Alberta,Approved Vendor,Expedited Ground,Prepaid,Back-to-School,4412.38,9,14,0.78,4.1,No,Occasional,0,3,2247,28,1.56,Yes,2,More Reliable but Long Distance Orders,0.6279256011651452,1.143484865850331
PO-20260117,Packaging Materials,Ontario,Spot Purchase,Standard Ground,Net 15,Regular,3768.88,2,7,0.78,4.7,No,Unknown,0,0,219,24,1.29,No,2,More Reliable but Long Distance Orders,0.7194250524678767,-0.29575947202017544
PO-20260118,Packaging Materials,Ontario,Preferred Vendor,Local Courier,Net 15,Regular,5707.82,7,6,0.94,3.2,No,Unknown,2,2,106,8,0.94,No,1,Moderate Risk / Low Inventory Buffer,-0.06163371664146304,-0.5867978929820606
PO-20260119,Packaging Materials,Alberta,Spot Purchase,Standard Ground,Net 30,Holiday Rush,2891.57,12,11,0.87,4.9,No,Frequent,0,3,2321,15,1.94,Yes,2,More Reliable but Long Distance Orders,1.7218362077612122,0.35819961379977
PO-20260120,Packaging Materials,Quebec,Preferred Vendor,Local Courier,Net 30,Regular,4481.28,5,4,0.77,4.6,No,Occasional,0,0,439,22,0.86,No,2,More Reliable but Long Distance Orders,0.7048666946429918,0.7127537767249996
PO-20260121,Breakroom Supplies,US Northeast,Approved Vendor,Standard Ground,Net 30,Regular,3093.9,3,12,0.66,3.4,No,Frequent,0,1,547,13,1.42,Yes,0,High Delay Risk / Lower Supplier Reliability,-0.9675194234278046,-0.7274643378984399
PO-20260122,Cleaning Supplies,Ontario,Preferred Vendor,Local Courier,Net 15,Regular,7030.07,8,11,0.99,4.5,No,Unknown,0,0,91,5,0.94,No,2,More Reliable but Long Distance Orders,1.6718020950223367,0.234265685944373
PO-20260123,IT Accessories,US Midwest,Approved Vendor,Standard Ground,Net 30,Fiscal Year End,12854.32,10,14,0.71,3.5,No,Unknown,0,1,789,11,1.63,Yes,0,High Delay Risk / Lower Supplier Reliability,-0.8973345593894275,1.371454914375847
PO-20260124,Printing Supplies,Ontario,Approved Vendor,Standard Ground,Net 15,Regular,3360.05,9,13,0.65,3.9,Yes,Frequent,2,0,125,19,0.88,Yes,0,High Delay Risk / Lower Supplier Reliability,-1.3439054223718776,0.015136030863833808
PO-20260125,Cleaning Supplies,US Midwest,Approved Vendor,Expedited Ground,Net 30,Regular,9160.99,12,12,0.85,3.4,No,Unknown,0,2,1778,27,1.19,No,2,More Reliable but Long Distance Orders,0.2397157942633858,2.48091280157388
PO-20260126,IT Accessories,British Columbia,Preferred Vendor,Standard Ground,Net 15,Regular,4404.13,8,11,0.7,2.0,No,Frequent,2,3,580,4,1.3,Yes,0,High Delay Risk / Lower Supplier Reliability,-2.412886267518388,-0.8841263304198463
PO-20260127,IT Accessories,US Midwest,Approved Vendor,Standard Ground,Net 30,Back-to-School,5352.05,1,8,0.85,2.7,No,Frequent,0,3,2400,18,1.85,Yes,2,More Reliable but Long Distance Orders,0.18804693951563983,-0.38356590941261287
PO-20260128,Breakroom Supplies,Ontario,New Supplier,Standard Ground,Net 30,Regular,3588.15,12,13,0.9,2.9,No,Unknown,0,2,129,2,1.06,Yes,1,Moderate Risk / Low Inventory Buffer,-0.27159777660390033,0.12853095998520686
PO-20260129,Breakroom Supplies,British Columbia,Spot Purchase,Standard Ground,Net 45,Regular,15299.27,9,14,0.81,2.6,No,Unknown,1,0,822,26,1.18,No,0,High Delay Risk / Lower Supplier Reliability,-1.2456948782124218,2.3064931511934614
PO-20260130,IT Accessories,Ontario,Approved Vendor,Standard Ground,Net 30,Regular,6340.04,12,17,0.95,5.0,Yes,Occasional,2,5,51,18,0.99,Yes,1,Moderate Risk / Low Inventory Buffer,1.2593983398533994,0.165946977867902
PO-20260131,Office Furniture,US Midwest,Preferred Vendor,Standard Ground,Net 30,Regular,6996.17,1,20,0.75,4.9,Yes,Rare,1,2,692,16,1.24,Yes,1,Moderate Risk / Low Inventory Buffer,0.6910532222473453,-0.8399636735215978
PO-20260132,IT Accessories,British Columbia,Approved Vendor,Standard Ground,Net 30,Fiscal Year End,5645.84,11,16,0.94,3.4,No,Unknown,0,3,1121,19,1.14,No,2,More Reliable but Long Distance Orders,0.6533791147582814,1.1270438365149036
PO-20260133,Packaging Materials,Ontario,Preferred Vendor,Local Courier,Net 15,Regular,7976.95,5,4,0.99,3.3,Yes,Unknown,0,0,358,5,0.9,No,2,More Reliable but Long Distance Orders,0.9127648283784283,0.2893698832187954
PO-20260134,Breakroom Supplies,US Northeast,Preferred Vendor,Standard Ground,Net 45,Regular,2040.08,7,19,0.75,3.8,Yes,Rare,0,0,629,7,1.03,Yes,0,High Delay Risk / Lower Supplier Reliability,-0.13077883685545633,-0.3937118822938595
PO-20260135,Cleaning Supplies,US Midwest,New Supplier,Standard Ground,Net 15,Regular,5920.48,1,10,0.6,4.4,No,Unknown,0,1,2390,5,1.22,Yes,2,More Reliable but Long Distance Orders,0.34314674782655147,-0.14280889819279868
PO-20260136,Breakroom Supplies,US Northeast,New Supplier,Standard Ground,Net 45,Fiscal Year End,3355.48,1,18,0.81,2.7,No,Rare,0,1,898,12,1.32,Yes,0,High Delay Risk / Lower Supplier Reliability,-0.48703207325414316,-1.0194921105894024
PO-20260137,Breakroom Supplies,Ontario,Spot Purchase,Expedited Ground,Net 45,Holiday Rush,3888.37,4,11,0.77,4.6,No,Unknown,1,0,196,20,1.96,Yes,1,Moderate Risk / Low Inventory Buffer,0.05006564341486197,-1.3099616535541023
PO-20260138,Cleaning Supplies,US Northeast,Preferred Vendor,Local Courier,Net 15,Back-to-School,7980.57,4,9,0.87,2.9,No,Rare,2,1,519,6,1.29,Yes,1,Moderate Risk / Low Inventory Buffer,-0.6292460719129738,-0.9454128701935728
PO-20260139,Cleaning Supplies,British Columbia,New Supplier,Local Courier,Prepaid,Regular,2340.23,8,6,0.85,2.8,Yes,Rare,0,0,1084,7,0.81,Yes,0,High Delay Risk / Lower Supplier Reliability,-0.11829863123520178,0.40176905114122374
PO-20260140,Packaging Materials,US Northeast,Spot Purchase,Expedited Ground,Net 30,Regular,12676.52,6,14,0.73,4.4,No,Rare,0,2,984,17,1.38,Yes,2,More Reliable but Long Distance Orders,0.26187170848148805,1.2615115917261774
PO-20260141,Cleaning Supplies,Quebec,Approved Vendor,Air Freight,Net 15,Regular,14738.52,12,3,0.7,2.5,No,Occasional,0,2,591,14,1.32,Yes,0,High Delay Risk / Lower Supplier Reliability,-1.776877060132079,2.5774596012111175
PO-20260142,IT Accessories,Ontario,Preferred Vendor,Standard Ground,Net 15,Back-to-School,1731.47,12,18,0.9,4.7,Yes,Rare,1,3,371,28,1.81,Yes,1,Moderate Risk / Low Inventory Buffer,0.736931344531935,-0.2766624608640583
PO-20260143,IT Accessories,Quebec,New Supplier,Expedited Ground,Net 30,Back-to-School,2524.4,11,9,0.9,4.7,No,Rare,0,0,786,28,1.72,No,2,More Reliable but Long Distance Orders,1.1465564314932166,0.5856827872184547
PO-20260144,Printing Supplies,US Northeast,Preferred Vendor,Standard Ground,Net 30,Fiscal Year End,8508.89,3,12,0.96,4.1,No,Rare,4,2,611,4,1.19,Yes,1,Moderate Risk / Low Inventory Buffer,0.5431009421018085,-2.000194532492067
PO-20260145,Packaging Materials,Quebec,Approved Vendor,Standard Ground,Net 45,Holiday Rush,1260.82,7,11,0.76,3.1,No,Occasional,2,1,403,3,1.53,Yes,1,Moderate Risk / Low Inventory Buffer,-1.2669619718056,-1.8688697128995049
PO-20260146,Printing Supplies,Ontario,Preferred Vendor,Standard Ground,Net 45,Regular,3902.02,11,14,0.98,3.9,No,Frequent,0,2,263,10,1.46,No,1,Moderate Risk / Low Inventory Buffer,0.9433849063590076,-0.10636859051673869
PO-20260147,Packaging Materials,US Midwest,Preferred Vendor,Local Courier,Net 30,Regular,10669.53,8,6,0.97,4.5,No,Occasional,0,3,1010,4,1.55,No,2,More Reliable but Long Distance Orders,1.78665267662171,0.45113332832576514
PO-20260148,IT Accessories,Quebec,Approved Vendor,Local Courier,Net 45,Regular,2325.57,9,9,0.88,3.5,No,Occasional,0,3,845,9,1.1,Yes,2,More Reliable but Long Distance Orders,0.49116705889478923,0.060644466727487155
PO-20260149,Packaging Materials,Quebec,Preferred Vendor,Expedited Ground,Net 45,Regular,4709.75,7,13,0.97,5.0,No,Unknown,0,0,654,7,1.49,No,2,More Reliable but Long Distance Orders,2.0375962329806643,-0.5738822971416055
PO-20260150,Cleaning Supplies,Quebec,Approved Vendor,Expedited Ground,Net 30,Regular,12551.38,15,8,0.75,3.1,Yes,Rare,2,1,683,5,0.99,Yes,0,High Delay Risk / Lower Supplier Reliability,-1.4229839120253007,1.6846761880604777
PO-20260151,Printing Supplies,Alberta,Preferred Vendor,Expedited Ground,Net 45,Fiscal Year End,3947.24,2,8,0.83,3.1,Yes,Frequent,0,2,2492,10,1.46,Yes,2,More Reliable but Long Distance Orders,0.548531050119389,-0.370422797980712
PO-20260152,Packaging Materials,British Columbia,New Supplier,Air Freight,Net 45,Regular,2245.71,9,1,0.86,4.0,No,Unknown,3,2,1220,19,0.86,Yes,2,More Reliable but Long Distance Orders,0.25901511944299105,-0.1577783480402084
PO-20260153,Cleaning Supplies,Quebec,Approved Vendor,Standard Ground,Net 45,Holiday Rush,3208.08,4,18,0.63,4.1,Yes,Unknown,0,1,811,14,1.41,Yes,0,High Delay Risk / Lower Supplier Reliability,-0.5343226434674555,-0.5746851141605357
PO-20260154,Packaging Materials,US Midwest,Spot Purchase,Standard Ground,Net 45,Regular,5643.99,11,12,0.88,4.6,No,Occasional,2,3,1192,6,1.2,Yes,1,Moderate Risk / Low Inventory Buffer,0.9333883533241095,-0.21875716434769282
PO-20260155,Breakroom Supplies,Ontario,Preferred Vendor,Air Freight,Net 45,Regular,4088.04,5,3,0.93,3.3,Yes,Rare,1,2,291,28,1.22,Yes,2,More Reliable but Long Distance Orders,0.17983107775704602,0.03422978935235552
PO-20260156,Cleaning Supplies,Ontario,Approved Vendor,Standard Ground,Net 45,Fiscal Year End,4061.43,6,15,0.88,3.2,No,Rare,1,0,214,4,1.67,No,1,Moderate Risk / Low Inventory Buffer,-0.4021618099630683,-1.5216590374085537
PO-20260157,Breakroom Supplies,Quebec,Preferred Vendor,Expedited Ground,Net 30,Regular,1504.16,2,8,0.99,5.0,No,Frequent,1,2,439,21,1.33,No,2,More Reliable but Long Distance Orders,2.106895009941652,-1.392646386428546
PO-20260158,IT Accessories,British Columbia,Spot Purchase,Standard Ground,Prepaid,Regular,2418.82,12,13,0.63,3.7,Yes,Occasional,1,0,1140,11,1.21,Yes,0,High Delay Risk / Lower Supplier Reliability,-1.1884211052546865,0.3651656205798953
PO-20260159,Office Furniture,US Northeast,Approved Vendor,Local Courier,Net 45,Fiscal Year End,4055.35,11,11,0.83,3.7,No,Occasional,4,1,1064,8,1.56,Yes,1,Moderate Risk / Low Inventory Buffer,-0.7928354419970244,-1.3828973835321294
PO-20260160,Office Furniture,British Columbia,Spot Purchase,Standard Ground,Net 30,Regular,1046.94,4,14,0.9,4.3,No,Unknown,0,2,1998,27,0.92,No,2,More Reliable but Long Distance Orders,1.7830403924504503,0.3705167174491148
PO-20260161,Breakroom Supplies,US Northeast,Approved Vendor,Expedited Ground,Net 30,Holiday Rush,15986.04,14,8,0.73,4.4,Yes,Frequent,1,0,900,22,1.52,Yes,0,High Delay Risk / Lower Supplier Reliability,-0.4050139431310963,2.7148836365353097
PO-20260162,Printing Supplies,US Northeast,Spot Purchase,Standard Ground,Net 30,Regular,3077.24,9,8,0.9,4.7,Yes,Rare,1,2,628,2,1.01,Yes,1,Moderate Risk / Low Inventory Buffer,1.3346331522787347,-0.55689487897987
PO-20260163,Printing Supplies,Quebec,New Supplier,Expedited Ground,Net 45,Regular,2968.42,4,8,0.55,3.0,No,Unknown,1,0,363,9,1.52,Yes,0,High Delay Risk / Lower Supplier Reliability,-2.2960412542324358,-1.1110957230088119
PO-20260164,Printing Supplies,US Northeast,Spot Purchase,Expedited Ground,Net 30,Regular,7173.2,7,5,0.83,2.9,No,Rare,0,0,1113,21,0.87,No,0,High Delay Risk / Lower Supplier Reliability,-0.22731622118384093,1.5707596333938267
PO-20260165,Packaging Materials,British Columbia,Approved Vendor,Local Courier,Net 45,Regular,6017.26,12,9,0.74,4.0,No,Rare,2,3,227,27,1.48,Yes,0,High Delay Risk / Lower Supplier Reliability,-0.943796181005819,0.5485104162509601
PO-20260166,Office Furniture,Ontario,Preferred Vendor,Standard Ground,Net 30,Regular,1655.8,5,14,0.95,4.5,No,Occasional,2,4,340,2,1.49,Yes,1,Moderate Risk / Low Inventory Buffer,1.1441097787173014,-2.500298749395218
PO-20260167,Office Furniture,US Northeast,Preferred Vendor,Local Courier,Net 30,Regular,5750.1,2,15,0.76,3.9,No,Rare,1,1,535,16,1.08,No,0,High Delay Risk / Lower Supplier Reliability,-0.12093517658562492,-0.5901760080408124
PO-20260168,Printing Supplies,British Columbia,Preferred Vendor,Standard Ground,Net 45,Holiday Rush,4760.27,4,10,0.83,4.1,No,Occasional,0,4,1376,25,1.91,Yes,2,More Reliable but Long Distance Orders,0.7415148017644704,-0.24794259708522387
PO-20260169,IT Accessories,US Northeast,Preferred Vendor,Expedited Ground,Net 30,Holiday Rush,2144.04,6,6,0.87,2.9,No,Unknown,2,0,1015,26,1.72,No,0,High Delay Risk / Lower Supplier Reliability,-0.7228038845739776,-0.7961732490506988
PO-20260170,IT Accessories,Alberta,Preferred Vendor,Local Courier,Net 30,Regular,15475.38,5,8,0.82,3.7,Yes,Unknown,0,0,1001,26,0.76,No,2,More Reliable but Long Distance Orders,0.3417178277701227,2.6911860468241398
PO-20260171,Office Furniture,US Northeast,New Supplier,Local Courier,Net 45,Regular,11955.11,4,14,0.74,3.2,No,Rare,0,0,738,5,1.16,Yes,0,High Delay Risk / Lower Supplier Reliability,-0.6258889494655033,0.5912037910150276
PO-20260172,Office Furniture,Ontario,Preferred Vendor,Expedited Ground,Net 30,Regular,4691.27,4,6,0.73,3.0,No,Rare,2,0,273,19,1.41,Yes,0,High Delay Risk / Lower Supplier Reliability,-1.5364820885854855,-0.8385070282462452
PO-20260173,Breakroom Supplies,British Columbia,Spot Purchase,Standard Ground,Net 30,Regular,3345.69,6,14,0.64,3.8,Yes,Rare,3,3,1522,27,1.45,Yes,0,High Delay Risk / Lower Supplier Reliability,-1.2552402299489824,-0.6591686725453585
PO-20260174,IT Accessories,Ontario,Preferred Vendor,Standard Ground,Net 45,Regular,14038.3,8,15,0.99,4.4,No,Rare,0,0,340,15,1.1,No,2,More Reliable but Long Distance Orders,1.4974588844168788,1.5417561371422999
PO-20260175,Printing Supplies,Quebec,Preferred Vendor,Local Courier,Net 45,Regular,7244.53,5,7,0.9,3.7,No,Unknown,0,0,558,25,1.15,No,2,More Reliable but Long Distance Orders,0.6045837645361477,0.8803451914549162
PO-20260176,Office Furniture,US Midwest,Approved Vendor,Standard Ground,Net 30,Regular,6974.66,6,17,0.82,4.7,Yes,Rare,0,1,2529,28,1.42,No,2,More Reliable but Long Distance Orders,1.5191755130274265,1.241362458363594
PO-20260177,Packaging Materials,US Midwest,Spot Purchase,Local Courier,Net 45,Regular,17483.0,9,13,0.85,4.5,No,Rare,0,1,2537,12,0.95,No,2,More Reliable but Long Distance Orders,1.5903832197199974,3.0165951108786007
PO-20260178,Breakroom Supplies,US Northeast,Preferred Vendor,Air Freight,Net 30,Holiday Rush,6835.61,9,4,0.82,4.9,No,Frequent,4,3,869,1,1.94,Yes,1,Moderate Risk / Low Inventory Buffer,0.1516789669057099,-1.9734757991630107
PO-20260179,Packaging Materials,US Northeast,Approved Vendor,Standard Ground,Prepaid,Regular,9626.13,9,9,0.69,2.0,Yes,Occasional,0,1,989,27,1.2,Yes,0,High Delay Risk / Lower Supplier Reliability,-2.059250928692364,2.1697257893393083
PO-20260180,Breakroom Supplies,Quebec,Approved Vendor,Local Courier,Net 15,Back-to-School,8518.48,4,2,0.94,5.0,No,Occasional,0,1,691,20,1.36,No,2,More Reliable but Long Distance Orders,2.0195596559435263,0.5087120760738681
PO-20260181,Breakroom Supplies,Ontario,Approved Vendor,Expedited Ground,Net 30,Holiday Rush,2273.41,6,8,0.68,2.1,No,Occasional,0,2,363,21,2.01,Yes,0,High Delay Risk / Lower Supplier Reliability,-2.2781048452440813,-0.5889764433096698
PO-20260182,IT Accessories,Quebec,Approved Vendor,Standard Ground,Net 30,Regular,3387.4,12,13,0.65,3.5,No,Unknown,0,2,547,5,1.53,Yes,0,High Delay Risk / Lower Supplier Reliability,-1.2331027811356525,0.07537945702331836
PO-20260183,Packaging Materials,US Northeast,Preferred Vendor,Expedited Ground,Net 30,Regular,2707.49,6,12,0.74,2.3,No,Rare,0,1,1096,14,0.8,Yes,0,High Delay Risk / Lower Supplier Reliability,-1.145335832323392,0.46445292850840564
PO-20260184,Breakroom Supplies,Ontario,Preferred Vendor,Standard Ground,Net 30,Back-to-School,3236.7,5,21,0.74,4.3,No,Rare,2,2,329,12,1.65,Yes,1,Moderate Risk / Low Inventory Buffer,-0.4613300162415383,-1.8948740135403508
PO-20260185,Cleaning Supplies,British Columbia,Spot Purchase,Air Freight,Net 45,Back-to-School,5255.03,4,3,0.7,2.7,No,Rare,1,1,1664,20,1.73,Yes,0,High Delay Risk / Lower Supplier Reliability,-1.2911537599489833,-0.11193838836149578
PO-20260186,IT Accessories,US Midwest,Approved Vendor,Standard Ground,Net 30,Regular,10894.01,8,15,0.76,4.7,Yes,Unknown,1,0,1767,9,1.2,Yes,2,More Reliable but Long Distance Orders,0.7072942533959857,0.9439949425723764
PO-20260187,Printing Supplies,Quebec,New Supplier,Local Courier,Net 45,Regular,3820.0,11,3,0.8,4.6,No,Unknown,0,3,730,27,0.78,No,2,More Reliable but Long Distance Orders,0.8670640121250729,1.773835048937887
PO-20260188,Packaging Materials,US Northeast,Spot Purchase,Local Courier,Net 45,Back-to-School,6953.65,5,13,0.62,3.2,Yes,Unknown,0,3,849,19,1.36,Yes,0,High Delay Risk / Lower Supplier Reliability,-1.3223641959205472,0.5085933828520225
PO-20260189,Office Furniture,US Northeast,Spot Purchase,Air Freight,Net 30,Regular,7061.3,10,11,0.73,2.5,No,Rare,0,2,1038,8,0.81,Yes,0,High Delay Risk / Lower Supplier Reliability,-1.1703193378968197,1.358283240478477
PO-20260190,Printing Supplies,Ontario,Preferred Vendor,Expedited Ground,Net 30,Regular,3590.0,5,3,0.78,3.4,Yes,Rare,1,1,110,13,0.85,Yes,0,High Delay Risk / Lower Supplier Reliability,-0.5076998209254053,-0.25500846224254287
PO-20260191,Cleaning Supplies,Ontario,Approved Vendor,Standard Ground,Prepaid,Regular,8064.78,7,18,0.68,3.3,Yes,Unknown,2,0,302,11,0.89,Yes,0,High Delay Risk / Lower Supplier Reliability,-1.5674877699171175,0.009128918113455184
PO-20260192,IT Accessories,British Columbia,Preferred Vendor,Standard Ground,Net 30,Back-to-School,6887.65,9,7,0.83,4.4,No,Unknown,0,5,2190,17,1.42,Yes,2,More Reliable but Long Distance Orders,1.3286381953465018,1.1695133506919575
PO-20260193,Printing Supplies,Ontario,New Supplier,Local Courier,Net 30,Regular,3786.69,2,3,0.81,3.6,No,Unknown,3,1,30,16,0.75,Yes,0,High Delay Risk / Lower Supplier Reliability,-0.5479496240445835,-1.2741168568462624
PO-20260194,Cleaning Supplies,US Northeast,Preferred Vendor,Air Freight,Net 45,Regular,9680.58,11,3,0.75,4.0,No,Occasional,0,0,654,15,0.95,No,0,High Delay Risk / Lower Supplier Reliability,-0.07762302118480185,2.0552627737063647
PO-20260195,Packaging Materials,Ontario,Approved Vendor,Local Courier,Net 15,Regular,12445.06,9,11,0.85,2.9,Yes,Unknown,4,0,101,27,1.01,Yes,0,High Delay Risk / Lower Supplier Reliability,-1.6424262780627203,0.6971193167030996
PO-20260196,Printing Supplies,US Midwest,Preferred Vendor,Air Freight,Net 30,Regular,3104.86,1,3,0.99,4.6,No,Occasional,0,0,1198,4,1.37,No,2,More Reliable but Long Distance Orders,2.3490338197093563,-1.279972626947479
PO-20260197,Office Furniture,US Midwest,Approved Vendor,Local Courier,Prepaid,Holiday Rush,3251.4,11,6,0.88,3.1,No,Unknown,0,0,1674,8,1.4,No,2,More Reliable but Long Distance Orders,0.21789058738413897,0.5655301532784512
PO-20260198,Office Furniture,Quebec,Spot Purchase,Standard Ground,Net 30,Regular,6577.15,1,13,0.81,4.9,No,Rare,3,4,642,6,1.04,Yes,1,Moderate Risk / Low Inventory Buffer,0.7627585754524311,-1.915206785862233
PO-20260199,Packaging Materials,Quebec,Approved Vendor,Expedited Ground,Net 30,Fiscal Year End,3774.19,7,2,0.75,4.4,No,Unknown,1,0,773,4,1.57,No,1,Moderate Risk / Low Inventory Buffer,0.1219179562095006,-0.8318103887820609
PO-20260200,IT Accessories,Quebec,Preferred Vendor,Expedited Ground,Net 30,Regular,8064.43,7,2,0.98,3.6,No,Occasional,0,1,607,24,0.92,No,2,More Reliable but Long Distance Orders,1.0608288192125976,1.498324363513902
PO-20260201,IT Accessories,British Columbia,Preferred Vendor,Local Courier,Net 30,Regular,4794.76,12,7,0.73,3.7,No,Rare,0,1,17,20,1.37,No,0,High Delay Risk / Lower Supplier Reliability,-0.8203495038023645,1.0165573021760934
PO-20260202,Packaging Materials,US Northeast,Approved Vendor,Expedited Ground,Net 30,Regular,8766.64,9,3,0.85,5.0,Yes,Rare,0,0,949,16,1.1,No,2,More Reliable but Long Distance Orders,1.4752183631464701,1.4896650352501721
PO-20260203,IT Accessories,US Midwest,Approved Vendor,Standard Ground,Prepaid,Back-to-School,3737.98,10,6,0.69,2.4,No,Unknown,1,4,879,15,1.38,Yes,0,High Delay Risk / Lower Supplier Reliability,-1.879981988618064,0.27037519607832966
PO-20260204,Cleaning Supplies,US Midwest,Preferred Vendor,Standard Ground,Net 30,Regular,7844.18,4,9,0.82,3.8,No,Rare,1,1,1922,16,1.3,No,2,More Reliable but Long Distance Orders,0.5197460816858515,0.30086187825763827
PO-20260205,IT Accessories,US Northeast,Approved Vendor,Standard Ground,Net 15,Regular,4922.97,1,6,0.94,5.0,Yes,Unknown,0,3,1098,26,1.06,No,2,More Reliable but Long Distance Orders,2.394994880127506,0.11507126684398028
PO-20260206,IT Accessories,Ontario,Approved Vendor,Air Freight,Net 30,Regular,2141.63,1,3,0.92,5.0,No,Rare,1,4,47,14,1.04,No,2,More Reliable but Long Distance Orders,1.8018527186550564,-1.4803477340214082
PO-20260207,IT Accessories,Ontario,Spot Purchase,Expedited Ground,Net 15,Fiscal Year End,4409.92,1,11,0.64,2.4,No,Occasional,0,0,16,10,1.54,Yes,0,High Delay Risk / Lower Supplier Reliability,-2.0964789933070533,-1.1161398575704242
PO-20260208,Packaging Materials,Quebec,Preferred Vendor,Local Courier,Net 30,Regular,2627.32,1,6,0.95,3.9,No,Unknown,0,5,652,19,1.5,No,2,More Reliable but Long Distance Orders,1.3461764021890215,-1.1038392994356319
PO-20260209,Office Furniture,US Northeast,Preferred Vendor,Standard Ground,Net 30,Regular,5289.28,10,9,0.83,4.3,No,Occasional,1,0,668,19,0.88,No,2,More Reliable but Long Distance Orders,0.4433783383990337,0.9184232894340606
PO-20260210,Office Furniture,US Midwest,Spot Purchase,Expedited Ground,Net 45,Holiday Rush,12415.26,18,13,0.68,3.9,Yes,Unknown,0,4,564,21,1.41,Yes,0,High Delay Risk / Lower Supplier Reliability,-0.9878387924992261,2.9726212630099558
PO-20260211,Breakroom Supplies,Alberta,Preferred Vendor,Standard Ground,Net 45,Back-to-School,2803.29,5,18,0.99,3.1,No,Rare,0,0,367,8,1.26,No,1,Moderate Risk / Low Inventory Buffer,0.5798466019169937,-0.9673968168996805
PO-20260212,Cleaning Supplies,US Midwest,Approved Vendor,Standard Ground,Net 30,Regular,6961.2,8,11,0.9,4.4,No,Occasional,2,1,428,28,1.46,No,2,More Reliable but Long Distance Orders,0.4610756153797501,0.10379044745235828
PO-20260213,Cleaning Supplies,US Midwest,Spot Purchase,Standard Ground,Net 30,Regular,3749.98,12,13,0.82,4.7,No,Rare,0,0,1336,10,1.03,No,2,More Reliable but Long Distance Orders,1.1137693462157,0.9358438733172092
PO-20260214,Breakroom Supplies,Ontario,Spot Purchase,Standard Ground,Net 30,Regular,3675.56,6,15,0.69,2.8,No,Unknown,0,1,191,25,1.3,Yes,0,High Delay Risk / Lower Supplier Reliability,-1.576020244931099,0.26788832530732604
PO-20260215,IT Accessories,US Northeast,Spot Purchase,Standard Ground,Net 30,Regular,1462.76,10,10,0.73,3.0,Yes,Unknown,1,2,693,15,1.53,Yes,0,High Delay Risk / Lower Supplier Reliability,-1.3193611646081125,-0.3662156661624724
PO-20260216,Packaging Materials,US Midwest,Spot Purchase,Expedited Ground,Net 30,Regular,4052.15,10,10,0.8,3.8,No,Occasional,0,3,2028,14,1.51,Yes,2,More Reliable but Long Distance Orders,0.4924591773075617,0.6732749674856647
PO-20260217,Breakroom Supplies,Ontario,Preferred Vendor,Expedited Ground,Net 30,Regular,16856.93,17,3,0.7,2.2,No,Unknown,0,5,193,19,1.33,Yes,0,High Delay Risk / Lower Supplier Reliability,-2.3072093667730837,3.616793314997492
PO-20260218,IT Accessories,Ontario,Approved Vendor,Local Courier,Net 30,Back-to-School,14431.45,8,4,0.93,4.7,No,Rare,0,1,301,17,1.93,No,2,More Reliable but Long Distance Orders,1.2096585596777998,1.0986750969497256
PO-20260219,Cleaning Supplies,Alberta,Approved Vendor,Expedited Ground,Net 30,Regular,2691.9,9,2,0.8,3.9,No,Frequent,0,3,1594,14,1.04,Yes,2,More Reliable but Long Distance Orders,0.6599204648174248,0.8246148818346394
PO-20260220,Packaging Materials,US Northeast,Preferred Vendor,Standard Ground,Prepaid,Back-to-School,3873.46,7,15,0.89,4.8,No,Frequent,2,2,469,16,1.84,Yes,1,Moderate Risk / Low Inventory Buffer,0.7616616395472215,-1.5097109154719863
PO-20260221,Breakroom Supplies,US Midwest,Preferred Vendor,Standard Ground,Net 30,Regular,4720.16,3,12,0.99,4.9,No,Rare,0,0,1183,3,0.89,No,2,More Reliable but Long Distance Orders,2.6121824561274227,-0.5478607541783352
PO-20260222,Breakroom Supplies,Ontario,Approved Vendor,Standard Ground,Net 30,Regular,4768.63,2,20,0.88,4.4,No,Unknown,0,0,333,10,0.91,No,2,More Reliable but Long Distance Orders,1.1948615700071994,-0.7074165128111984
PO-20260223,Office Furniture,US Northeast,Preferred Vendor,Expedited Ground,Net 15,Holiday Rush,10585.1,10,11,0.94,3.8,No,Unknown,3,2,1028,6,1.39,No,1,Moderate Risk / Low Inventory Buffer,0.23083398814881154,-0.23349819267207655
PO-20260224,Cleaning Supplies,US Northeast,Approved Vendor,Standard Ground,Net 30,Holiday Rush,4858.59,2,20,0.68,4.6,No,Frequent,2,1,1051,10,1.75,Yes,1,Moderate Risk / Low Inventory Buffer,-0.2510815756637868,-1.962163066363225
PO-20260225,IT Accessories,Ontario,Approved Vendor,Local Courier,Net 15,Regular,12725.07,13,9,0.96,5.0,No,Occasional,1,0,109,20,1.09,No,2,More Reliable but Long Distance Orders,1.3529348698564447,1.9376817113818408
PO-20260226,Packaging Materials,US Midwest,Approved Vendor,Standard Ground,Prepaid,Fiscal Year End,8051.82,7,13,0.85,4.2,No,Frequent,0,1,113,21,1.45,No,2,More Reliable but Long Distance Orders,0.4179103788049712,0.5247542044326109
PO-20260227,Breakroom Supplies,Ontario,Preferred Vendor,Standard Ground,Net 30,Regular,2104.11,9,7,0.68,3.1,No,Rare,1,0,252,20,0.88,No,0,High Delay Risk / Lower Supplier Reliability,-1.5177626955913246,0.4629456535786859
PO-20260228,Cleaning Supplies,Alberta,Spot Purchase,Local Courier,Net 30,Regular,3869.44,12,4,0.86,3.8,No,Frequent,0,2,52,17,1.25,Yes,2,More Reliable but Long Distance Orders,0.1386768269015821,0.8007824658353542
PO-20260229,Office Furniture,US Northeast,Preferred Vendor,Standard Ground,Net 30,Regular,1925.53,5,17,0.9,3.8,No,Unknown,0,2,729,11,1.14,No,2,More Reliable but Long Distance Orders,0.8642169323272555,-0.726286055638763
PO-20260230,IT Accessories,US Northeast,Spot Purchase,Expedited Ground,Net 30,Back-to-School,6079.49,6,2,0.86,3.9,No,Rare,0,3,816,22,1.93,Yes,2,More Reliable but Long Distance Orders,0.49497981803662233,0.07965723656612218
PO-20260231,Breakroom Supplies,US Northeast,Approved Vendor,Expedited Ground,Net 45,Regular,2965.88,6,10,0.94,5.0,No,Occasional,2,0,589,12,1.42,No,1,Moderate Risk / Low Inventory Buffer,1.4284139186637062,-1.4034359063582484
PO-20260232,Office Furniture,Quebec,Spot Purchase,Standard Ground,Net 45,Regular,17681.79,7,12,0.83,4.4,No,Rare,0,3,680,28,1.21,Yes,2,More Reliable but Long Distance Orders,0.6972591504000172,2.6263571267772012
PO-20260233,Cleaning Supplies,US Northeast,Spot Purchase,Standard Ground,Net 30,Regular,5367.89,7,9,0.96,3.9,Yes,Rare,0,3,930,20,0.84,Yes,2,More Reliable but Long Distance Orders,1.393685087380946,0.905339800076791
PO-20260234,Cleaning Supplies,Alberta,Approved Vendor,Expedited Ground,Net 45,Regular,4101.81,12,4,0.95,3.5,Yes,Rare,3,2,1564,25,1.32,Yes,2,More Reliable but Long Distance Orders,0.17495122882279332,0.3491970329473637
PO-20260235,Packaging Materials,US Northeast,Spot Purchase,Local Courier,Net 30,Regular,9619.32,11,13,0.68,4.4,Yes,Unknown,2,2,1036,20,1.53,Yes,1,Moderate Risk / Low Inventory Buffer,-0.6934874143153894,0.7931512096208662
PO-20260236,Cleaning Supplies,US Northeast,Spot Purchase,Expedited Ground,Net 15,Holiday Rush,3876.39,4,2,0.92,5.0,Yes,Rare,0,2,1071,28,1.93,Yes,2,More Reliable but Long Distance Orders,1.8870129642986966,-0.26113124160480733
PO-20260237,Office Furniture,US Midwest,Approved Vendor,Standard Ground,Net 45,Regular,8511.06,3,17,0.89,4.4,No,Rare,1,0,1604,1,1.26,No,1,Moderate Risk / Low Inventory Buffer,1.3603433053353808,-0.7094882693173414
PO-20260238,Printing Supplies,Quebec,Spot Purchase,Standard Ground,Net 15,Regular,5706.99,7,20,0.75,4.6,No,Rare,3,0,604,18,1.51,Yes,1,Moderate Risk / Low Inventory Buffer,-0.41928561850396673,-1.1091465960976172
PO-20260239,IT Accessories,Ontario,Preferred Vendor,Air Freight,Prepaid,Regular,10465.3,5,1,0.99,5.0,No,Occasional,0,0,147,31,1.28,No,2,More Reliable but Long Distance Orders,2.011487372962427,1.3378544442645652
PO-20260240,Office Furniture,US Northeast,Spot Purchase,Standard Ground,Net 30,Regular,6423.44,12,23,0.64,4.6,Yes,Rare,0,1,972,18,0.92,Yes,0,High Delay Risk / Lower Supplier Reliability,-0.2061432156333007,1.5912393961308688
PO-20260241,Breakroom Supplies,US Northeast,Spot Purchase,Local Courier,Net 45,Fiscal Year End,3303.77,7,11,0.66,2.4,No,Unknown,2,5,865,17,1.4,Yes,0,High Delay Risk / Lower Supplier Reliability,-2.204461734749708,-0.6567962708145886
PO-20260242,Cleaning Supplies,Ontario,New Supplier,Standard Ground,Net 30,Holiday Rush,9445.83,1,20,0.89,2.9,No,Unknown,1,1,23,16,2.03,Yes,1,Moderate Risk / Low Inventory Buffer,-0.7027742389276946,-1.4475159193249039
PO-20260243,Printing Supplies,US Midwest,Approved Vendor,Standard Ground,Net 30,Regular,7618.63,5,13,0.76,5.0,Yes,Frequent,1,0,2275,20,1.22,Yes,2,More Reliable but Long Distance Orders,1.2217771297700095,0.7005851589254589
PO-20260244,Printing Supplies,US Midwest,Preferred Vendor,Expedited Ground,Net 30,Regular,4327.6,12,13,0.69,2.4,No,Frequent,1,0,1129,16,1.42,Yes,0,High Delay Risk / Lower Supplier Reliability,-2.0391950207834224,0.6802616874771286
PO-20260245,Printing Supplies,US Northeast,Preferred Vendor,Air Freight,Net 30,Holiday Rush,5653.95,2,1,0.78,4.0,No,Rare,1,1,877,28,1.91,Yes,2,More Reliable but Long Distance Orders,-0.03293540018946619,-0.5026024098037677
PO-20260246,Printing Supplies,Alberta,Spot Purchase,Local Courier,Net 30,Regular,3202.06,5,4,0.97,4.6,No,Occasional,0,0,1409,19,1.13,No,2,More Reliable but Long Distance Orders,2.1572888953210003,0.26657083826170824
PO-20260247,Packaging Materials,Ontario,Approved Vendor,Standard Ground,Net 30,Holiday Rush,3587.45,1,12,0.69,3.0,No,Occasional,1,2,369,20,1.44,Yes,0,High Delay Risk / Lower Supplier Reliability,-1.375638837314907,-1.127581803080691
PO-20260248,IT Accessories,Ontario,Spot Purchase,Expedited Ground,Net 15,Regular,7253.3,8,13,0.79,4.5,No,Occasional,1,1,75,8,0.82,Yes,1,Moderate Risk / Low Inventory Buffer,0.30160806921794453,0.213093854416924
PO-20260249,Cleaning Supplies,Ontario,Preferred Vendor,Standard Ground,Prepaid,Back-to-School,5476.58,5,20,0.82,3.6,Yes,Occasional,2,4,156,4,1.38,Yes,1,Moderate Risk / Low Inventory Buffer,-0.4750337027771647,-1.7731326699230854
PO-20260250,Printing Supplies,Ontario,Spot Purchase,Standard Ground,Prepaid,Regular,6181.14,4,8,0.76,3.3,No,Unknown,2,4,125,34,1.19,Yes,0,High Delay Risk / Lower Supplier Reliability,-1.0809066198878032,0.026569801054879924
PO-20260251,Office Furniture,Quebec,Spot Purchase,Local Courier,Net 15,Holiday Rush,8740.15,1,15,0.62,3.5,No,Unknown,2,0,821,22,1.52,Yes,0,High Delay Risk / Lower Supplier Reliability,-1.5897698084838496,-0.6034671132306665
PO-20260252,Office Furniture,Ontario,Approved Vendor,Local Courier,Net 30,Regular,1840.44,4,8,0.95,3.5,No,Unknown,2,0,216,10,1.24,No,1,Moderate Risk / Low Inventory Buffer,0.25232757126972766,-1.759218076378133
PO-20260253,IT Accessories,US Northeast,Spot Purchase,Standard Ground,Net 30,Regular,2189.7,4,20,0.95,4.4,No,Unknown,2,0,1145,1,1.3,No,1,Moderate Risk / Low Inventory Buffer,1.2929469260905422,-2.183060478304918
PO-20260254,Breakroom Supplies,Alberta,Spot Purchase,Expedited Ground,Net 15,Holiday Rush,12080.67,7,13,0.69,4.1,No,Occasional,3,1,2238,6,1.39,Yes,1,Moderate Risk / Low Inventory Buffer,-0.48660430186724213,0.11621791990019377
PO-20260255,Printing Supplies,Alberta,Preferred Vendor,Standard Ground,Net 30,Fiscal Year End,14666.9,6,10,0.82,3.8,No,Frequent,0,5,55,10,1.46,Yes,1,Moderate Risk / Low Inventory Buffer,0.05532583728820169,0.8319028202352873
PO-20260256,Office Furniture,British Columbia,Spot Purchase,Standard Ground,Net 30,Back-to-School,13394.57,13,13,0.74,4.3,No,Rare,2,1,184,10,1.84,Yes,1,Moderate Risk / Low Inventory Buffer,-0.9061740688677907,0.5873486075516414
PO-20260257,Packaging Materials,US Midwest,Preferred Vendor,Local Courier,Net 30,Holiday Rush,2528.92,8,2,0.99,3.7,No,Unknown,2,1,1791,3,1.8,No,1,Moderate Risk / Low Inventory Buffer,0.9949701827172177,-1.405396267089351
PO-20260258,Packaging Materials,Alberta,Preferred Vendor,Standard Ground,Net 30,Regular,2337.68,5,4,0.92,3.1,No,Unknown,2,0,1768,11,1.22,No,2,More Reliable but Long Distance Orders,0.2816218524625858,-0.8594755353855095
PO-20260259,Breakroom Supplies,British Columbia,Approved Vendor,Air Freight,Net 45,Fiscal Year End,2333.75,3,5,0.74,3.7,No,Frequent,0,0,1880,27,1.22,Yes,2,More Reliable but Long Distance Orders,0.23474594520646236,0.495725840590071
PO-20260260,Printing Supplies,British Columbia,Approved Vendor,Expedited Ground,Net 30,Regular,11380.81,12,9,0.97,3.8,Yes,Rare,0,0,1268,26,1.03,No,2,More Reliable but Long Distance Orders,1.0892591362877222,2.750706209099167
PO-20260261,Packaging Materials,Ontario,Preferred Vendor,Standard Ground,Net 45,Back-to-School,7614.63,2,10,0.95,3.2,No,Unknown,2,2,372,8,1.49,No,1,Moderate Risk / Low Inventory Buffer,0.059919040406362055,-1.566479119311049
PO-20260262,IT Accessories,US Northeast,Preferred Vendor,Standard Ground,Prepaid,Fiscal Year End,3337.81,2,9,0.99,4.3,Yes,Unknown,0,2,1011,21,1.56,No,2,More Reliable but Long Distance Orders,1.8695908386348896,-0.7558981092348133
PO-20260263,Cleaning Supplies,US Midwest,New Supplier,Local Courier,Net 45,Fiscal Year End,4391.57,9,9,0.67,2.3,No,Rare,1,1,862,14,1.36,Yes,0,High Delay Risk / Lower Supplier Reliability,-2.1482472089049156,0.23238856917803127
PO-20260264,IT Accessories,Ontario,Preferred Vendor,Standard Ground,Net 45,Fiscal Year End,8817.8,11,7,0.99,3.6,No,Unknown,0,3,322,28,1.6,No,2,More Reliable but Long Distance Orders,0.6668970802199229,1.4240059332285557
PO-20260265,Printing Supplies,British Columbia,Spot Purchase,Local Courier,Net 15,Regular,2967.91,4,14,0.84,4.4,No,Unknown,2,1,936,20,1.21,No,1,Moderate Risk / Low Inventory Buffer,0.5666645636639841,-1.006823751655859
PO-20260266,Cleaning Supplies,US Midwest,Spot Purchase,Expedited Ground,Net 30,Regular,5701.23,5,13,0.83,3.1,No,Unknown,0,1,45,14,0.96,No,0,High Delay Risk / Lower Supplier Reliability,-0.36913937289100873,0.12841922707934614
PO-20260267,Office Furniture,Ontario,Preferred Vendor,Standard Ground,Net 30,Regular,3461.73,6,15,0.99,5.0,No,Unknown,2,3,135,9,0.9,No,1,Moderate Risk / Low Inventory Buffer,1.7856606060084732,-1.324007483315374
PO-20260268,Breakroom Supplies,Quebec,Preferred Vendor,Air Freight,Net 30,Regular,5480.84,9,1,0.74,3.0,Yes,Rare,0,0,691,22,1.43,Yes,0,High Delay Risk / Lower Supplier Reliability,-1.029929050347921,1.1212761041321015
PO-20260269,Printing Supplies,US Midwest,New Supplier,Standard Ground,Net 45,Regular,3503.12,8,9,0.55,2.6,No,Unknown,2,0,2566,22,0.76,Yes,0,High Delay Risk / Lower Supplier Reliability,-2.0654246509044976,1.1583150656701948
PO-20260270,Packaging Materials,Ontario,Spot Purchase,Standard Ground,Net 45,Regular,13933.1,12,16,0.66,2.5,No,Frequent,1,2,109,22,0.9,Yes,0,High Delay Risk / Lower Supplier Reliability,-2.4003440333881967,2.438222572512173
PO-20260271,IT Accessories,Quebec,New Supplier,Air Freight,Net 30,Regular,3336.78,9,2,0.57,3.2,Yes,Unknown,0,0,839,27,0.89,Yes,0,High Delay Risk / Lower Supplier Reliability,-1.64647429931318,1.7192201355231629
PO-20260272,Office Furniture,Ontario,Spot Purchase,Expedited Ground,Net 15,Regular,2657.51,4,19,0.74,3.5,No,Unknown,1,1,186,5,1.52,Yes,1,Moderate Risk / Low Inventory Buffer,-0.847292518767145,-1.8374743535989673
PO-20260273,IT Accessories,Ontario,New Supplier,Expedited Ground,Net 30,Back-to-School,2356.44,8,3,0.57,3.3,No,Rare,1,5,234,9,1.57,Yes,0,High Delay Risk / Lower Supplier Reliability,-1.9538322931315617,-0.7857899957725932
PO-20260274,Cleaning Supplies,Alberta,Preferred Vendor,Air Freight,Net 30,Holiday Rush,8015.77,12,3,0.83,4.8,No,Occasional,0,4,1648,21,1.8,Yes,2,More Reliable but Long Distance Orders,1.2128097427659106,1.4796922908447214
PO-20260275,Breakroom Supplies,Alberta,New Supplier,Standard Ground,Net 30,Regular,6929.34,3,19,0.67,3.1,Yes,Rare,0,1,949,19,1.19,Yes,0,High Delay Risk / Lower Supplier Reliability,-1.0485630484835504,0.3114284116966873
PO-20260276,Packaging Materials,British Columbia,Approved Vendor,Expedited Ground,Net 30,Regular,3170.88,9,15,0.64,4.1,No,Rare,1,0,394,21,1.14,Yes,0,High Delay Risk / Lower Supplier Reliability,-1.0019962295847595,0.2574497682943985
PO-20260277,IT Accessories,Quebec,Approved Vendor,Expedited Ground,Net 30,Regular,5448.34,11,3,0.97,4.7,No,Unknown,2,0,475,7,0.96,No,2,More Reliable but Long Distance Orders,1.3230925725702074,-0.0012969724134745898
PO-20260278,IT Accessories,Ontario,New Supplier,Standard Ground,Net 30,Regular,5501.27,12,9,0.72,2.6,No,Unknown,2,1,343,18,0.99,Yes,0,High Delay Risk / Lower Supplier Reliability,-2.0490027245918987,0.7406252838555946
PO-20260279,IT Accessories,Quebec,Spot Purchase,Air Freight,Prepaid,Regular,3590.42,5,2,0.79,5.0,No,Rare,0,0,667,3,1.22,Yes,2,More Reliable but Long Distance Orders,1.2428739217546965,-0.5443763321229671
PO-20260280,Cleaning Supplies,Alberta,Approved Vendor,Standard Ground,Net 45,Fiscal Year End,1744.51,3,9,0.73,4.3,No,Rare,3,2,580,2,1.37,Yes,1,Moderate Risk / Low Inventory Buffer,-0.3761512515599941,-2.6198530829399607
PO-20260281,Cleaning Supplies,US Midwest,Spot Purchase,Standard Ground,Net 45,Back-to-School,4379.61,10,16,0.7,4.4,No,Rare,0,2,2396,14,1.39,Yes,2,More Reliable but Long Distance Orders,0.5156854940776955,0.9027768396926036
PO-20260282,Printing Supplies,British Columbia,Approved Vendor,Local Courier,Net 30,Regular,2352.9,4,15,0.78,3.1,Yes,Occasional,0,0,443,14,1.09,Yes,0,High Delay Risk / Lower Supplier Reliability,-0.53681792512898,-0.4769109190261845
PO-20260283,Office Furniture,Quebec,Approved Vendor,Expedited Ground,Net 30,Back-to-School,18747.98,10,19,0.8,4.5,No,Occasional,0,1,828,7,1.46,Yes,1,Moderate Risk / Low Inventory Buffer,0.4763726275970149,1.9918943387212444
PO-20260284,Breakroom Supplies,Quebec,Spot Purchase,Standard Ground,Net 15,Fiscal Year End,3665.59,12,15,0.96,4.3,Yes,Unknown,0,2,597,7,1.68,Yes,1,Moderate Risk / Low Inventory Buffer,1.189717523677847,-0.2723453679080379
PO-20260285,Printing Supplies,British Columbia,Spot Purchase,Expedited Ground,Net 30,Regular,4084.18,2,6,0.95,3.7,Yes,Rare,0,2,777,27,1.15,No,2,More Reliable but Long Distance Orders,1.1577161977034403,0.08171090867614345
PO-20260286,Office Furniture,US Midwest,Preferred Vendor,Standard Ground,Net 15,Holiday Rush,4034.95,8,27,0.91,4.2,No,Unknown,0,1,2495,18,1.59,No,2,More Reliable but Long Distance Orders,1.5033805839739285,0.212849379086815
PO-20260287,Breakroom Supplies,US Northeast,Preferred Vendor,Standard Ground,Net 15,Fiscal Year End,6333.69,12,16,0.99,4.5,Yes,Unknown,1,1,964,20,1.41,No,2,More Reliable but Long Distance Orders,1.3875416930108881,0.6491030715055602
PO-20260288,Printing Supplies,US Northeast,Approved Vendor,Standard Ground,Net 45,Regular,4131.26,9,15,0.89,3.9,No,Occasional,2,2,790,27,0.85,No,2,More Reliable but Long Distance Orders,0.29814559854009337,0.428471878059261
PO-20260289,IT Accessories,Ontario,Preferred Vendor,Air Freight,Net 30,Regular,10233.18,3,6,0.71,3.1,No,Unknown,1,1,306,5,1.45,Yes,0,High Delay Risk / Lower Supplier Reliability,-1.2406655853658548,-0.44553257463491985
PO-20260290,Breakroom Supplies,Ontario,Approved Vendor,Standard Ground,Net 30,Regular,2678.26,9,19,0.72,3.2,No,Unknown,3,0,376,16,1.52,Yes,1,Moderate Risk / Low Inventory Buffer,-1.8836875031453575,-1.3121936655749802
PO-20260291,Cleaning Supplies,Ontario,New Supplier,Standard Ground,Net 30,Holiday Rush,4369.6,6,7,0.72,3.5,No,Rare,1,1,278,15,1.87,Yes,0,High Delay Risk / Lower Supplier Reliability,-1.1035694732152403,-0.9034726529009466
PO-20260292,Breakroom Supplies,US Midwest,Preferred Vendor,Standard Ground,Net 30,Holiday Rush,7531.59,8,6,0.92,4.3,No,Occasional,0,0,2473,25,1.91,No,2,More Reliable but Long Distance Orders,1.5707222509379735,1.1712416747188654
PO-20260293,Breakroom Supplies,Quebec,Approved Vendor,Standard Ground,Net 45,Holiday Rush,2903.69,1,14,0.86,4.3,No,Rare,0,3,531,16,1.82,No,1,Moderate Risk / Low Inventory Buffer,0.9246288471643097,-1.615753051154044
PO-20260294,Printing Supplies,Ontario,Approved Vendor,Standard Ground,Net 45,Fiscal Year End,6015.79,4,12,0.85,3.6,No,Rare,0,0,365,25,1.64,No,0,High Delay Risk / Lower Supplier Reliability,0.024933313071645726,-0.042029840169787724
PO-20260295,Packaging Materials,US Northeast,Preferred Vendor,Local Courier,Net 30,Holiday Rush,14505.99,11,6,0.82,4.7,No,Occasional,0,0,1130,9,1.83,No,2,More Reliable but Long Distance Orders,0.790014219266603,1.6111604964703332
PO-20260296,Office Furniture,Ontario,Spot Purchase,Expedited Ground,Net 30,Holiday Rush,2637.42,7,17,0.68,4.1,No,Unknown,3,3,208,9,1.66,Yes,1,Moderate Risk / Low Inventory Buffer,-1.2603492095705824,-2.1593375662114696
PO-20260297,Printing Supplies,Alberta,Preferred Vendor,Standard Ground,Net 30,Regular,2573.11,3,18,0.99,4.0,No,Occasional,3,2,1769,27,0.87,No,2,More Reliable but Long Distance Orders,1.2772389127016697,-0.9066155934406732
PO-20260298,Printing Supplies,US Midwest,Preferred Vendor,Air Freight,Net 30,Regular,3251.52,2,2,0.73,3.2,No,Unknown,2,0,1122,23,1.48,Yes,0,High Delay Risk / Lower Supplier Reliability,-1.0019051213285604,-0.8795991393638461
PO-20260299,Office Furniture,US Midwest,Approved Vendor,Expedited Ground,Net 45,Regular,5012.52,6,15,0.82,4.5,No,Unknown,0,0,2104,1,1.31,No,2,More Reliable but Long Distance Orders,1.3702202455692662,-0.19416248784073525
PO-20260300,Printing Supplies,US Northeast,Approved Vendor,Standard Ground,Net 30,Regular,2850.04,7,9,0.89,2.9,Yes,Unknown,0,0,990,19,1.14,No,0,High Delay Risk / Lower Supplier Reliability,0.015278563130559376,0.41305544905219727
PO-20260301,Printing Supplies,British Columbia,Spot Purchase,Standard Ground,Net 30,Fiscal Year End,15610.04,15,16,0.69,3.3,No,Unknown,0,2,113,11,1.49,Yes,0,High Delay Risk / Lower Supplier Reliability,-1.5615257104463736,2.362070488530282
PO-20260302,Cleaning Supplies,Alberta,Preferred Vendor,Local Courier,Net 30,Regular,6349.09,1,8,0.99,3.5,Yes,Rare,2,5,2349,10,0.99,Yes,2,More Reliable but Long Distance Orders,1.537451841754965,-0.7749774464158973
PO-20260303,Cleaning Supplies,US Northeast,Preferred Vendor,Standard Ground,Net 30,Regular,1987.86,11,10,0.99,4.3,No,Unknown,0,1,571,26,0.99,No,2,More Reliable but Long Distance Orders,1.5207530578539166,0.9696244569076249
PO-20260304,Breakroom Supplies,US Northeast,Spot Purchase,Standard Ground,Net 30,Fiscal Year End,3689.93,1,14,0.72,3.4,No,Rare,3,5,757,12,1.16,Yes,1,Moderate Risk / Low Inventory Buffer,-1.0007126247220444,-2.036909698094019
PO-20260305,Printing Supplies,Ontario,Approved Vendor,Air Freight,Net 45,Regular,3320.87,2,6,0.78,3.2,No,Unknown,1,0,136,9,1.03,No,0,High Delay Risk / Lower Supplier Reliability,-0.6393720932944593,-1.0910728623914767
PO-20260306,Cleaning Supplies,US Midwest,Approved Vendor,Local Courier,Net 15,Fiscal Year End,19676.14,11,7,0.9,2.7,No,Rare,1,3,398,16,1.59,No,0,High Delay Risk / Lower Supplier Reliability,-0.8432267437312442,2.2306262141956377
PO-20260307,Printing Supplies,US Northeast,Spot Purchase,Standard Ground,Net 30,Regular,3097.05,1,12,0.86,3.1,No,Occasional,0,0,895,14,1.11,No,0,High Delay Risk / Lower Supplier Reliability,0.2020247579154853,-0.6721060643524269
PO-20260308,Breakroom Supplies,Quebec,Spot Purchase,Air Freight,Net 45,Regular,7665.54,6,2,0.9,3.1,No,Occasional,0,0,450,13,1.35,Yes,0,High Delay Risk / Lower Supplier Reliability,0.052936097013485985,0.4568897646837548
PO-20260309,IT Accessories,US Northeast,New Supplier,Standard Ground,Net 30,Regular,5415.02,6,8,0.6,2.1,No,Rare,1,2,682,16,1.19,Yes,0,High Delay Risk / Lower Supplier Reliability,-2.6128570361116137,0.22176015415964748
PO-20260310,Printing Supplies,US Northeast,Approved Vendor,Standard Ground,Net 45,Holiday Rush,14032.76,5,5,0.68,4.5,No,Rare,1,1,795,2,1.67,Yes,1,Moderate Risk / Low Inventory Buffer,-0.2136783666760252,0.15943440509083645
PO-20260311,Breakroom Supplies,Ontario,Approved Vendor,Standard Ground,Net 45,Regular,7162.29,2,17,0.94,4.6,No,Rare,0,1,365,24,1.16,No,2,More Reliable but Long Distance Orders,1.6019573422585338,0.005544693619621067
PO-20260312,Breakroom Supplies,US Midwest,Spot Purchase,Standard Ground,Net 45,Fiscal Year End,11922.48,9,20,0.65,3.0,No,Unknown,0,0,1070,19,1.21,Yes,0,High Delay Risk / Lower Supplier Reliability,-1.4980143083397415,1.9312019304784722
PO-20260313,IT Accessories,Quebec,Approved Vendor,Standard Ground,Net 15,Fiscal Year End,2636.97,7,14,0.91,3.4,Yes,Unknown,1,0,360,19,1.68,No,1,Moderate Risk / Low Inventory Buffer,-0.10558774988967325,-0.8971264267046998
PO-20260314,Cleaning Supplies,Ontario,Spot Purchase,Standard Ground,Net 30,Regular,8533.37,11,16,0.87,4.4,No,Rare,0,1,210,27,1.25,No,2,More Reliable but Long Distance Orders,0.6048493313781795,1.5630676863205548
PO-20260315,IT Accessories,Quebec,Approved Vendor,Expedited Ground,Net 30,Regular,2378.09,6,6,0.89,4.7,Yes,Unknown,0,2,550,12,0.92,No,2,More Reliable but Long Distance Orders,1.585932929150472,-0.12356520769084514
PO-20260316,Packaging Materials,Ontario,Spot Purchase,Standard Ground,Net 30,Regular,4634.9,3,11,0.97,4.7,No,Unknown,1,0,232,26,0.85,No,2,More Reliable but Long Distance Orders,1.652764822885962,-0.14220932195011945
PO-20260317,Breakroom Supplies,Ontario,Preferred Vendor,Air Freight,Net 15,Holiday Rush,4084.33,3,1,0.99,4.4,No,Frequent,0,2,68,6,1.41,No,2,More Reliable but Long Distance Orders,1.745661685084756,-1.1605780243155577
PO-20260318,Printing Supplies,Quebec,Spot Purchase,Expedited Ground,Net 45,Regular,5624.21,2,15,0.69,2.2,No,Rare,1,0,532,26,1.18,Yes,0,High Delay Risk / Lower Supplier Reliability,-2.065177868241941,-0.07973267565497011
PO-20260319,Cleaning Supplies,Quebec,Preferred Vendor,Standard Ground,Net 30,Holiday Rush,765.44,8,17,0.85,4.2,No,Rare,0,2,526,11,1.55,No,1,Moderate Risk / Low Inventory Buffer,0.6125750172973936,-0.9204692297244947
PO-20260320,Breakroom Supplies,British Columbia,Approved Vendor,Air Freight,Net 30,Regular,3981.95,11,4,0.68,3.7,No,Unknown,3,1,701,20,0.96,Yes,0,High Delay Risk / Lower Supplier Reliability,-1.3924099862923982,0.2892197098624196
PO-20260321,Breakroom Supplies,Ontario,Approved Vendor,Local Courier,Net 30,Regular,3088.06,3,12,0.86,3.1,Yes,Rare,0,0,299,19,1.41,No,0,High Delay Risk / Lower Supplier Reliability,-0.1997103531979452,-0.6510418847161564
PO-20260322,IT Accessories,British Columbia,Spot Purchase,Local Courier,Net 30,Regular,10008.91,6,3,0.85,4.1,Yes,Unknown,0,1,1360,30,0.77,No,2,More Reliable but Long Distance Orders,1.0223378429876013,2.3508390105125563
PO-20260323,Breakroom Supplies,US Northeast,Spot Purchase,Local Courier,Net 30,Regular,1702.18,4,12,0.71,4.0,No,Rare,3,1,641,20,1.47,Yes,1,Moderate Risk / Low Inventory Buffer,-0.9266119823100016,-1.764115894714646
PO-20260324,Breakroom Supplies,Quebec,New Supplier,Standard Ground,Net 30,Regular,5325.6,5,8,0.57,4.6,No,Rare,3,2,764,21,0.8,Yes,0,High Delay Risk / Lower Supplier Reliability,-1.0040906603614592,-0.21232004936496213
PO-20260325,IT Accessories,US Midwest,Preferred Vendor,Local Courier,Net 45,Regular,4169.25,4,14,0.89,2.9,Yes,Rare,2,0,2585,32,1.32,Yes,2,More Reliable but Long Distance Orders,0.05473922873442761,0.18567423104773556
PO-20260326,Cleaning Supplies,US Midwest,Approved Vendor,Expedited Ground,Net 30,Fiscal Year End,9189.74,4,8,0.92,4.0,No,Frequent,3,2,1106,26,1.15,Yes,2,More Reliable but Long Distance Orders,0.5231017027825197,-0.061232089682162594
PO-20260327,Cleaning Supplies,Alberta,Approved Vendor,Air Freight,Net 15,Regular,4156.15,4,5,0.82,4.4,No,Rare,0,1,1206,19,1.35,No,2,More Reliable but Long Distance Orders,1.0265025732689517,0.07160798670896636
PO-20260328,Cleaning Supplies,US Northeast,Spot Purchase,Standard Ground,Net 30,Regular,11927.68,12,15,0.91,5.0,Yes,Occasional,1,2,539,8,0.79,Yes,2,More Reliable but Long Distance Orders,1.432847529248275,1.4363850133994152
PO-20260329,Packaging Materials,Quebec,New Supplier,Expedited Ground,Net 30,Regular,5978.4,8,2,0.61,3.5,No,Occasional,2,1,623,15,0.97,Yes,0,High Delay Risk / Lower Supplier Reliability,-1.6336741568929176,0.4080207882456205
PO-20260330,Breakroom Supplies,Quebec,Approved Vendor,Air Freight,Net 30,Regular,6847.34,6,4,0.64,4.3,Yes,Rare,0,2,602,11,0.95,Yes,0,High Delay Risk / Lower Supplier Reliability,-0.21381567825382594,0.741749961789337
PO-20260331,Printing Supplies,US Midwest,Approved Vendor,Air Freight,Net 15,Regular,3417.64,8,2,0.69,4.4,No,Rare,0,2,1078,12,0.99,Yes,2,More Reliable but Long Distance Orders,0.2816479469298475,0.6757395131943688
PO-20260332,Cleaning Supplies,Quebec,Approved Vendor,Local Courier,Net 30,Back-to-School,5586.56,9,12,0.67,2.8,No,Occasional,0,1,799,14,1.58,Yes,0,High Delay Risk / Lower Supplier Reliability,-1.609227504771504,0.47488004780497256
PO-20260333,IT Accessories,US Northeast,Approved Vendor,Local Courier,Net 15,Back-to-School,1632.65,3,11,0.66,2.3,No,Unknown,1,0,457,9,1.28,Yes,0,High Delay Risk / Lower Supplier Reliability,-2.107085631423085,-1.2958203790684704
PO-20260334,Office Furniture,US Northeast,New Supplier,Standard Ground,Net 30,Holiday Rush,5513.21,3,12,0.61,3.9,No,Rare,0,0,501,27,1.43,Yes,0,High Delay Risk / Lower Supplier Reliability,-0.9777422455524417,0.26458424492403015
PO-20260335,IT Accessories,Ontario,Approved Vendor,Local Courier,Net 15,Regular,4315.34,5,8,0.79,4.7,Yes,Occasional,2,0,374,18,1.27,Yes,1,Moderate Risk / Low Inventory Buffer,0.27913823336914145,-0.8164097224247455
PO-20260336,Breakroom Supplies,US Northeast,Approved Vendor,Standard Ground,Net 15,Back-to-School,8774.93,5,14,0.67,4.2,No,Unknown,1,2,956,12,1.47,Yes,1,Moderate Risk / Low Inventory Buffer,-0.4384128634090773,-0.10416616335887625
PO-20260337,Office Furniture,US Northeast,Preferred Vendor,Standard Ground,Net 30,Regular,10903.78,4,24,0.73,3.1,No,Unknown,2,5,713,1,1.14,Yes,1,Moderate Risk / Low Inventory Buffer,-1.1324174510724967,-0.8552650818457292
PO-20260338,Printing Supplies,Ontario,New Supplier,Local Courier,Net 15,Regular,5422.38,5,13,0.55,2.5,No,Unknown,2,5,266,17,0.99,Yes,0,High Delay Risk / Lower Supplier Reliability,-2.8057342956775035,-0.372984340505147
PO-20260339,Printing Supplies,Ontario,Preferred Vendor,Expedited Ground,Net 30,Holiday Rush,4146.79,7,4,0.73,3.4,No,Rare,3,1,26,27,1.71,Yes,0,High Delay Risk / Lower Supplier Reliability,-1.7212985275223576,-0.9147034848380725
PO-20260340,Breakroom Supplies,US Midwest,Spot Purchase,Air Freight,Net 45,Regular,2482.63,7,4,0.9,4.4,No,Unknown,0,0,1976,4,1.08,No,2,More Reliable but Long Distance Orders,1.81145492059601,0.07225887525150405
PO-20260341,IT Accessories,US Midwest,Approved Vendor,Local Courier,Net 45,Regular,6458.61,5,10,0.64,3.0,No,Unknown,0,0,325,10,1.53,Yes,0,High Delay Risk / Lower Supplier Reliability,-1.631513988337144,-0.15906446576476876
PO-20260342,Cleaning Supplies,Ontario,Spot Purchase,Local Courier,Net 30,Back-to-School,3196.83,10,7,0.81,4.0,No,Rare,2,0,298,3,1.32,No,1,Moderate Risk / Low Inventory Buffer,-0.3199074293422805,-0.9711166977278559
PO-20260343,IT Accessories,Ontario,Approved Vendor,Air Freight,Prepaid,Holiday Rush,7912.75,3,1,0.81,4.3,No,Occasional,0,3,251,11,1.42,Yes,2,More Reliable but Long Distance Orders,0.6491701189621648,-0.20414734377458402
PO-20260344,Office Furniture,US Northeast,Spot Purchase,Standard Ground,Net 30,Regular,6249.04,10,14,0.89,4.9,No,Unknown,1,0,862,6,1.33,No,1,Moderate Risk / Low Inventory Buffer,1.2555256979944323,-0.09450721049941037
PO-20260345,IT Accessories,Quebec,Preferred Vendor,Local Courier,Net 45,Regular,7889.57,8,12,0.98,3.7,No,Rare,0,0,581,19,1.07,No,2,More Reliable but Long Distance Orders,0.993059762153216,1.0432882505466
PO-20260346,Breakroom Supplies,US Northeast,Preferred Vendor,Air Freight,Net 15,Regular,8135.1,6,2,0.83,2.9,No,Occasional,0,3,829,15,1.14,Yes,0,High Delay Risk / Lower Supplier Reliability,-0.25028050469864827,0.9302694269618164
PO-20260347,Office Furniture,US Midwest,Preferred Vendor,Local Courier,Net 30,Holiday Rush,1424.13,1,22,0.84,4.6,No,Rare,0,2,289,2,1.48,No,1,Moderate Risk / Low Inventory Buffer,1.08595359665855,-2.3413859864179107
PO-20260348,Breakroom Supplies,Quebec,Preferred Vendor,Air Freight,Net 30,Holiday Rush,6468.06,4,3,0.83,4.5,No,Unknown,3,1,755,9,2.03,Yes,1,Moderate Risk / Low Inventory Buffer,0.13067974194443224,-2.013882057611883
PO-20260349,Printing Supplies,Quebec,New Supplier,Air Freight,Net 30,Regular,3149.49,6,3,0.83,4.3,No,Rare,0,0,640,7,1.36,Yes,2,More Reliable but Long Distance Orders,0.7773076982922026,-0.449629366365623
PO-20260350,Breakroom Supplies,Ontario,Approved Vendor,Expedited Ground,Net 30,Regular,2196.02,12,14,0.68,2.2,No,Unknown,0,1,138,6,0.79,Yes,0,High Delay Risk / Lower Supplier Reliability,-2.09665828611918,0.6011472973023617
PO-20260351,Printing Supplies,Ontario,Spot Purchase,Standard Ground,Net 30,Regular,3930.74,2,12,0.91,3.1,No,Rare,0,0,248,25,1.27,No,0,High Delay Risk / Lower Supplier Reliability,0.11447035012530087,-0.32158000159179506
PO-20260352,IT Accessories,Ontario,Preferred Vendor,Local Courier,Net 15,Regular,8927.06,2,7,0.89,3.6,No,Rare,0,2,70,12,1.09,No,2,More Reliable but Long Distance Orders,0.5232292150809139,-0.012640833860695462
PO-20260353,Office Furniture,British Columbia,Spot Purchase,Standard Ground,Net 30,Fiscal Year End,2817.06,5,18,0.75,3.7,Yes,Unknown,1,1,1658,12,1.69,Yes,1,Moderate Risk / Low Inventory Buffer,-0.21476374260988862,-1.0626389388720945
PO-20260354,Printing Supplies,US Midwest,Preferred Vendor,Local Courier,Net 45,Holiday Rush,7913.52,4,10,0.74,2.1,No,Unknown,3,2,2089,33,1.38,Yes,0,High Delay Risk / Lower Supplier Reliability,-1.8761497443011526,0.3642033634312786
PO-20260355,Breakroom Supplies,Quebec,Preferred Vendor,Standard Ground,Net 30,Regular,3929.75,9,10,0.96,5.0,Yes,Unknown,0,3,794,3,0.85,No,2,More Reliable but Long Distance Orders,2.286343430739122,0.08297098680508103
PO-20260356,Cleaning Supplies,US Midwest,Preferred Vendor,Standard Ground,Net 45,Back-to-School,7486.36,3,12,0.76,3.4,No,Occasional,0,0,188,14,1.27,No,0,High Delay Risk / Lower Supplier Reliability,-0.535600688482788,-0.06557287935495354
PO-20260357,Office Furniture,US Northeast,Preferred Vendor,Expedited Ground,Net 30,Regular,3691.2,11,11,0.99,3.4,No,Rare,1,1,1108,5,1.45,No,1,Moderate Risk / Low Inventory Buffer,0.666092162263867,-0.3708438563460974
PO-20260358,Breakroom Supplies,British Columbia,Spot Purchase,Expedited Ground,Net 30,Holiday Rush,8330.07,6,9,0.89,4.1,No,Rare,2,0,678,21,1.42,No,2,More Reliable but Long Distance Orders,0.3317695859175084,-0.07910319330239791
PO-20260359,Cleaning Supplies,Quebec,Approved Vendor,Expedited Ground,Net 30,Regular,10869.46,9,13,0.67,4.0,No,Unknown,0,3,458,12,1.04,Yes,0,High Delay Risk / Lower Supplier Reliability,-0.5375946849295345,1.4353537713278377
PO-20260360,Office Furniture,US Midwest,Approved Vendor,Standard Ground,Net 30,Regular,2142.43,10,21,0.68,4.3,No,Frequent,2,4,217,11,1.31,Yes,1,Moderate Risk / Low Inventory Buffer,-0.8515603655591591,-1.0967024635383533
